Fecha;Mes;Mes Abreviado;Mes  Nro;PeriodoNro;Año;Periodo;Mes  Año;Mes - Año (LARGO);Mes Año Nro;Mes - Dia;Dia de la Semana;Dia de la Semana Nro;Quincena;Dia del Mes;Semana del Año;Semana Intervalo;SemanaAño Nro;Dia de la Semana  Detalle
01/01/2018;Enero;Ene;1;1;2018;201801;Ene-18;Enero 2018;1;Ene-01;lun;1;1Q;1;1;01-01 al 07-01;1;lun 01-01
02/01/2018;Enero;Ene;1;1;2018;201801;Ene-18;Enero 2018;1;Ene-02;mar;2;1Q;2;1;01-01 al 07-01;1;mar 02-01
03/01/2018;Enero;Ene;1;1;2018;201801;Ene-18;Enero 2018;1;Ene-03;mié;3;1Q;3;1;01-01 al 07-01;1;mié 03-01
04/01/2018;Enero;Ene;1;1;2018;201801;Ene-18;Enero 2018;1;Ene-04;jue;4;1Q;4;1;01-01 al 07-01;1;jue 04-01
05/01/2018;Enero;Ene;1;1;2018;201801;Ene-18;Enero 2018;1;Ene-05;vie;5;1Q;5;1;01-01 al 07-01;1;vie 05-01
06/01/2018;Enero;Ene;1;1;2018;201801;Ene-18;Enero 2018;1;Ene-06;sáb;6;1Q;6;1;01-01 al 07-01;1;sáb 06-01
07/01/2018;Enero;Ene;1;1;2018;201801;Ene-18;Enero 2018;1;Ene-07;dom;7;1Q;7;1;01-01 al 07-01;1;dom 07-01
08/01/2018;Enero;Ene;1;1;2018;201801;Ene-18;Enero 2018;1;Ene-08;lun;1;1Q;8;2;08-01 al 14-01;2;lun 08-01
09/01/2018;Enero;Ene;1;1;2018;201801;Ene-18;Enero 2018;1;Ene-09;mar;2;1Q;9;2;08-01 al 14-01;2;mar 09-01
10/01/2018;Enero;Ene;1;1;2018;201801;Ene-18;Enero 2018;1;Ene-10;mié;3;1Q;10;2;08-01 al 14-01;2;mié 10-01
11/01/2018;Enero;Ene;1;1;2018;201801;Ene-18;Enero 2018;1;Ene-11;jue;4;1Q;11;2;08-01 al 14-01;2;jue 11-01
12/01/2018;Enero;Ene;1;1;2018;201801;Ene-18;Enero 2018;1;Ene-12;vie;5;1Q;12;2;08-01 al 14-01;2;vie 12-01
13/01/2018;Enero;Ene;1;1;2018;201801;Ene-18;Enero 2018;1;Ene-13;sáb;6;1Q;13;2;08-01 al 14-01;2;sáb 13-01
14/01/2018;Enero;Ene;1;1;2018;201801;Ene-18;Enero 2018;1;Ene-14;dom;7;1Q;14;2;08-01 al 14-01;2;dom 14-01
15/01/2018;Enero;Ene;1;1;2018;201801;Ene-18;Enero 2018;1;Ene-15;lun;1;1Q;15;3;15-01 al 21-01;3;lun 15-01
16/01/2018;Enero;Ene;1;1;2018;201801;Ene-18;Enero 2018;1;Ene-16;mar;2;1Q;16;3;15-01 al 21-01;3;mar 16-01
17/01/2018;Enero;Ene;1;1;2018;201801;Ene-18;Enero 2018;1;Ene-17;mié;3;1Q;17;3;15-01 al 21-01;3;mié 17-01
18/01/2018;Enero;Ene;1;1;2018;201801;Ene-18;Enero 2018;1;Ene-18;jue;4;1Q;18;3;15-01 al 21-01;3;jue 18-01
19/01/2018;Enero;Ene;1;1;2018;201801;Ene-18;Enero 2018;1;Ene-19;vie;5;1Q;19;3;15-01 al 21-01;3;vie 19-01
20/01/2018;Enero;Ene;1;1;2018;201801;Ene-18;Enero 2018;1;Ene-20;sáb;6;1Q;20;3;15-01 al 21-01;3;sáb 20-01
21/01/2018;Enero;Ene;1;1;2018;201801;Ene-18;Enero 2018;1;Ene-21;dom;7;1Q;21;3;15-01 al 21-01;3;dom 21-01
22/01/2018;Enero;Ene;1;1;2018;201801;Ene-18;Enero 2018;1;Ene-22;lun;1;1Q;22;4;22-01 al 28-01;4;lun 22-01
23/01/2018;Enero;Ene;1;1;2018;201801;Ene-18;Enero 2018;1;Ene-23;mar;2;1Q;23;4;22-01 al 28-01;4;mar 23-01
24/01/2018;Enero;Ene;1;1;2018;201801;Ene-18;Enero 2018;1;Ene-24;mié;3;1Q;24;4;22-01 al 28-01;4;mié 24-01
25/01/2018;Enero;Ene;1;1;2018;201801;Ene-18;Enero 2018;1;Ene-25;jue;4;1Q;25;4;22-01 al 28-01;4;jue 25-01
26/01/2018;Enero;Ene;1;1;2018;201801;Ene-18;Enero 2018;1;Ene-26;vie;5;1Q;26;4;22-01 al 28-01;4;vie 26-01
27/01/2018;Enero;Ene;1;1;2018;201801;Ene-18;Enero 2018;1;Ene-27;sáb;6;1Q;27;4;22-01 al 28-01;4;sáb 27-01
28/01/2018;Enero;Ene;1;1;2018;201801;Ene-18;Enero 2018;1;Ene-28;dom;7;1Q;28;4;22-01 al 28-01;4;dom 28-01
29/01/2018;Enero;Ene;1;1;2018;201801;Ene-18;Enero 2018;1;Ene-29;lun;1;1Q;29;5;29-01 al 04-02;5;lun 29-01
30/01/2018;Enero;Ene;1;1;2018;201801;Ene-18;Enero 2018;1;Ene-30;mar;2;1Q;30;5;29-01 al 04-02;5;mar 30-01
31/01/2018;Enero;Ene;1;1;2018;201801;Ene-18;Enero 2018;1;Ene-31;mié;3;1Q;31;5;29-01 al 04-02;5;mié 31-01
01/02/2018;Febrero;Feb;2;2;2018;201802;Feb-18;Febrero 2018;2;Feb-01;jue;4;1Q;1;5;29-01 al 04-02;5;jue 01-02
02/02/2018;Febrero;Feb;2;2;2018;201802;Feb-18;Febrero 2018;2;Feb-02;vie;5;1Q;2;5;29-01 al 04-02;5;vie 02-02
03/02/2018;Febrero;Feb;2;2;2018;201802;Feb-18;Febrero 2018;2;Feb-03;sáb;6;1Q;3;5;29-01 al 04-02;5;sáb 03-02
04/02/2018;Febrero;Feb;2;2;2018;201802;Feb-18;Febrero 2018;2;Feb-04;dom;7;1Q;4;5;29-01 al 04-02;5;dom 04-02
05/02/2018;Febrero;Feb;2;2;2018;201802;Feb-18;Febrero 2018;2;Feb-05;lun;1;1Q;5;6;05-02 al 11-02;6;lun 05-02
06/02/2018;Febrero;Feb;2;2;2018;201802;Feb-18;Febrero 2018;2;Feb-06;mar;2;1Q;6;6;05-02 al 11-02;6;mar 06-02
07/02/2018;Febrero;Feb;2;2;2018;201802;Feb-18;Febrero 2018;2;Feb-07;mié;3;1Q;7;6;05-02 al 11-02;6;mié 07-02
08/02/2018;Febrero;Feb;2;2;2018;201802;Feb-18;Febrero 2018;2;Feb-08;jue;4;1Q;8;6;05-02 al 11-02;6;jue 08-02
09/02/2018;Febrero;Feb;2;2;2018;201802;Feb-18;Febrero 2018;2;Feb-09;vie;5;1Q;9;6;05-02 al 11-02;6;vie 09-02
10/02/2018;Febrero;Feb;2;2;2018;201802;Feb-18;Febrero 2018;2;Feb-10;sáb;6;1Q;10;6;05-02 al 11-02;6;sáb 10-02
11/02/2018;Febrero;Feb;2;2;2018;201802;Feb-18;Febrero 2018;2;Feb-11;dom;7;1Q;11;6;05-02 al 11-02;6;dom 11-02
12/02/2018;Febrero;Feb;2;2;2018;201802;Feb-18;Febrero 2018;2;Feb-12;lun;1;1Q;12;7;12-02 al 18-02;7;lun 12-02
13/02/2018;Febrero;Feb;2;2;2018;201802;Feb-18;Febrero 2018;2;Feb-13;mar;2;1Q;13;7;12-02 al 18-02;7;mar 13-02
14/02/2018;Febrero;Feb;2;2;2018;201802;Feb-18;Febrero 2018;2;Feb-14;mié;3;1Q;14;7;12-02 al 18-02;7;mié 14-02
15/02/2018;Febrero;Feb;2;2;2018;201802;Feb-18;Febrero 2018;2;Feb-15;jue;4;1Q;15;7;12-02 al 18-02;7;jue 15-02
16/02/2018;Febrero;Feb;2;2;2018;201802;Feb-18;Febrero 2018;2;Feb-16;vie;5;1Q;16;7;12-02 al 18-02;7;vie 16-02
17/02/2018;Febrero;Feb;2;2;2018;201802;Feb-18;Febrero 2018;2;Feb-17;sáb;6;1Q;17;7;12-02 al 18-02;7;sáb 17-02
18/02/2018;Febrero;Feb;2;2;2018;201802;Feb-18;Febrero 2018;2;Feb-18;dom;7;1Q;18;7;12-02 al 18-02;7;dom 18-02
19/02/2018;Febrero;Feb;2;2;2018;201802;Feb-18;Febrero 2018;2;Feb-19;lun;1;1Q;19;8;19-02 al 25-02;8;lun 19-02
20/02/2018;Febrero;Feb;2;2;2018;201802;Feb-18;Febrero 2018;2;Feb-20;mar;2;1Q;20;8;19-02 al 25-02;8;mar 20-02
21/02/2018;Febrero;Feb;2;2;2018;201802;Feb-18;Febrero 2018;2;Feb-21;mié;3;1Q;21;8;19-02 al 25-02;8;mié 21-02
22/02/2018;Febrero;Feb;2;2;2018;201802;Feb-18;Febrero 2018;2;Feb-22;jue;4;1Q;22;8;19-02 al 25-02;8;jue 22-02
23/02/2018;Febrero;Feb;2;2;2018;201802;Feb-18;Febrero 2018;2;Feb-23;vie;5;1Q;23;8;19-02 al 25-02;8;vie 23-02
24/02/2018;Febrero;Feb;2;2;2018;201802;Feb-18;Febrero 2018;2;Feb-24;sáb;6;1Q;24;8;19-02 al 25-02;8;sáb 24-02
25/02/2018;Febrero;Feb;2;2;2018;201802;Feb-18;Febrero 2018;2;Feb-25;dom;7;1Q;25;8;19-02 al 25-02;8;dom 25-02
26/02/2018;Febrero;Feb;2;2;2018;201802;Feb-18;Febrero 2018;2;Feb-26;lun;1;1Q;26;9;26-02 al 04-03;9;lun 26-02
27/02/2018;Febrero;Feb;2;2;2018;201802;Feb-18;Febrero 2018;2;Feb-27;mar;2;1Q;27;9;26-02 al 04-03;9;mar 27-02
28/02/2018;Febrero;Feb;2;2;2018;201802;Feb-18;Febrero 2018;2;Feb-28;mié;3;1Q;28;9;26-02 al 04-03;9;mié 28-02
01/03/2018;Marzo;Mar;3;3;2018;201803;Mar-18;Marzo 2018;3;Mar-01;jue;4;1Q;1;9;26-02 al 04-03;9;jue 01-03
02/03/2018;Marzo;Mar;3;3;2018;201803;Mar-18;Marzo 2018;3;Mar-02;vie;5;1Q;2;9;26-02 al 04-03;9;vie 02-03
03/03/2018;Marzo;Mar;3;3;2018;201803;Mar-18;Marzo 2018;3;Mar-03;sáb;6;1Q;3;9;26-02 al 04-03;9;sáb 03-03
04/03/2018;Marzo;Mar;3;3;2018;201803;Mar-18;Marzo 2018;3;Mar-04;dom;7;1Q;4;9;26-02 al 04-03;9;dom 04-03
05/03/2018;Marzo;Mar;3;3;2018;201803;Mar-18;Marzo 2018;3;Mar-05;lun;1;1Q;5;10;05-03 al 11-03;10;lun 05-03
06/03/2018;Marzo;Mar;3;3;2018;201803;Mar-18;Marzo 2018;3;Mar-06;mar;2;1Q;6;10;05-03 al 11-03;10;mar 06-03
07/03/2018;Marzo;Mar;3;3;2018;201803;Mar-18;Marzo 2018;3;Mar-07;mié;3;1Q;7;10;05-03 al 11-03;10;mié 07-03
08/03/2018;Marzo;Mar;3;3;2018;201803;Mar-18;Marzo 2018;3;Mar-08;jue;4;1Q;8;10;05-03 al 11-03;10;jue 08-03
09/03/2018;Marzo;Mar;3;3;2018;201803;Mar-18;Marzo 2018;3;Mar-09;vie;5;1Q;9;10;05-03 al 11-03;10;vie 09-03
10/03/2018;Marzo;Mar;3;3;2018;201803;Mar-18;Marzo 2018;3;Mar-10;sáb;6;1Q;10;10;05-03 al 11-03;10;sáb 10-03
11/03/2018;Marzo;Mar;3;3;2018;201803;Mar-18;Marzo 2018;3;Mar-11;dom;7;1Q;11;10;05-03 al 11-03;10;dom 11-03
12/03/2018;Marzo;Mar;3;3;2018;201803;Mar-18;Marzo 2018;3;Mar-12;lun;1;1Q;12;11;12-03 al 18-03;11;lun 12-03
13/03/2018;Marzo;Mar;3;3;2018;201803;Mar-18;Marzo 2018;3;Mar-13;mar;2;1Q;13;11;12-03 al 18-03;11;mar 13-03
14/03/2018;Marzo;Mar;3;3;2018;201803;Mar-18;Marzo 2018;3;Mar-14;mié;3;1Q;14;11;12-03 al 18-03;11;mié 14-03
15/03/2018;Marzo;Mar;3;3;2018;201803;Mar-18;Marzo 2018;3;Mar-15;jue;4;1Q;15;11;12-03 al 18-03;11;jue 15-03
16/03/2018;Marzo;Mar;3;3;2018;201803;Mar-18;Marzo 2018;3;Mar-16;vie;5;1Q;16;11;12-03 al 18-03;11;vie 16-03
17/03/2018;Marzo;Mar;3;3;2018;201803;Mar-18;Marzo 2018;3;Mar-17;sáb;6;1Q;17;11;12-03 al 18-03;11;sáb 17-03
18/03/2018;Marzo;Mar;3;3;2018;201803;Mar-18;Marzo 2018;3;Mar-18;dom;7;1Q;18;11;12-03 al 18-03;11;dom 18-03
19/03/2018;Marzo;Mar;3;3;2018;201803;Mar-18;Marzo 2018;3;Mar-19;lun;1;1Q;19;12;19-03 al 25-03;12;lun 19-03
20/03/2018;Marzo;Mar;3;3;2018;201803;Mar-18;Marzo 2018;3;Mar-20;mar;2;1Q;20;12;19-03 al 25-03;12;mar 20-03
21/03/2018;Marzo;Mar;3;3;2018;201803;Mar-18;Marzo 2018;3;Mar-21;mié;3;1Q;21;12;19-03 al 25-03;12;mié 21-03
22/03/2018;Marzo;Mar;3;3;2018;201803;Mar-18;Marzo 2018;3;Mar-22;jue;4;1Q;22;12;19-03 al 25-03;12;jue 22-03
23/03/2018;Marzo;Mar;3;3;2018;201803;Mar-18;Marzo 2018;3;Mar-23;vie;5;1Q;23;12;19-03 al 25-03;12;vie 23-03
24/03/2018;Marzo;Mar;3;3;2018;201803;Mar-18;Marzo 2018;3;Mar-24;sáb;6;1Q;24;12;19-03 al 25-03;12;sáb 24-03
25/03/2018;Marzo;Mar;3;3;2018;201803;Mar-18;Marzo 2018;3;Mar-25;dom;7;1Q;25;12;19-03 al 25-03;12;dom 25-03
26/03/2018;Marzo;Mar;3;3;2018;201803;Mar-18;Marzo 2018;3;Mar-26;lun;1;1Q;26;13;26-03 al 01-04;13;lun 26-03
27/03/2018;Marzo;Mar;3;3;2018;201803;Mar-18;Marzo 2018;3;Mar-27;mar;2;1Q;27;13;26-03 al 01-04;13;mar 27-03
28/03/2018;Marzo;Mar;3;3;2018;201803;Mar-18;Marzo 2018;3;Mar-28;mié;3;1Q;28;13;26-03 al 01-04;13;mié 28-03
29/03/2018;Marzo;Mar;3;3;2018;201803;Mar-18;Marzo 2018;3;Mar-29;jue;4;1Q;29;13;26-03 al 01-04;13;jue 29-03
30/03/2018;Marzo;Mar;3;3;2018;201803;Mar-18;Marzo 2018;3;Mar-30;vie;5;1Q;30;13;26-03 al 01-04;13;vie 30-03
31/03/2018;Marzo;Mar;3;3;2018;201803;Mar-18;Marzo 2018;3;Mar-31;sáb;6;1Q;31;13;26-03 al 01-04;13;sáb 31-03
01/04/2018;Abril;Abr;4;4;2018;201804;Abr-18;Abril 2018;4;Abr-01;dom;7;1Q;1;13;26-03 al 01-04;13;dom 01-04
02/04/2018;Abril;Abr;4;4;2018;201804;Abr-18;Abril 2018;4;Abr-02;lun;1;1Q;2;14;02-04 al 08-04;14;lun 02-04
03/04/2018;Abril;Abr;4;4;2018;201804;Abr-18;Abril 2018;4;Abr-03;mar;2;1Q;3;14;02-04 al 08-04;14;mar 03-04
04/04/2018;Abril;Abr;4;4;2018;201804;Abr-18;Abril 2018;4;Abr-04;mié;3;1Q;4;14;02-04 al 08-04;14;mié 04-04
05/04/2018;Abril;Abr;4;4;2018;201804;Abr-18;Abril 2018;4;Abr-05;jue;4;1Q;5;14;02-04 al 08-04;14;jue 05-04
06/04/2018;Abril;Abr;4;4;2018;201804;Abr-18;Abril 2018;4;Abr-06;vie;5;1Q;6;14;02-04 al 08-04;14;vie 06-04
07/04/2018;Abril;Abr;4;4;2018;201804;Abr-18;Abril 2018;4;Abr-07;sáb;6;1Q;7;14;02-04 al 08-04;14;sáb 07-04
08/04/2018;Abril;Abr;4;4;2018;201804;Abr-18;Abril 2018;4;Abr-08;dom;7;1Q;8;14;02-04 al 08-04;14;dom 08-04
09/04/2018;Abril;Abr;4;4;2018;201804;Abr-18;Abril 2018;4;Abr-09;lun;1;1Q;9;15;09-04 al 15-04;15;lun 09-04
10/04/2018;Abril;Abr;4;4;2018;201804;Abr-18;Abril 2018;4;Abr-10;mar;2;1Q;10;15;09-04 al 15-04;15;mar 10-04
11/04/2018;Abril;Abr;4;4;2018;201804;Abr-18;Abril 2018;4;Abr-11;mié;3;1Q;11;15;09-04 al 15-04;15;mié 11-04
12/04/2018;Abril;Abr;4;4;2018;201804;Abr-18;Abril 2018;4;Abr-12;jue;4;1Q;12;15;09-04 al 15-04;15;jue 12-04
13/04/2018;Abril;Abr;4;4;2018;201804;Abr-18;Abril 2018;4;Abr-13;vie;5;1Q;13;15;09-04 al 15-04;15;vie 13-04
14/04/2018;Abril;Abr;4;4;2018;201804;Abr-18;Abril 2018;4;Abr-14;sáb;6;1Q;14;15;09-04 al 15-04;15;sáb 14-04
15/04/2018;Abril;Abr;4;4;2018;201804;Abr-18;Abril 2018;4;Abr-15;dom;7;1Q;15;15;09-04 al 15-04;15;dom 15-04
16/04/2018;Abril;Abr;4;4;2018;201804;Abr-18;Abril 2018;4;Abr-16;lun;1;1Q;16;16;16-04 al 22-04;16;lun 16-04
17/04/2018;Abril;Abr;4;4;2018;201804;Abr-18;Abril 2018;4;Abr-17;mar;2;1Q;17;16;16-04 al 22-04;16;mar 17-04
18/04/2018;Abril;Abr;4;4;2018;201804;Abr-18;Abril 2018;4;Abr-18;mié;3;1Q;18;16;16-04 al 22-04;16;mié 18-04
19/04/2018;Abril;Abr;4;4;2018;201804;Abr-18;Abril 2018;4;Abr-19;jue;4;1Q;19;16;16-04 al 22-04;16;jue 19-04
20/04/2018;Abril;Abr;4;4;2018;201804;Abr-18;Abril 2018;4;Abr-20;vie;5;1Q;20;16;16-04 al 22-04;16;vie 20-04
21/04/2018;Abril;Abr;4;4;2018;201804;Abr-18;Abril 2018;4;Abr-21;sáb;6;1Q;21;16;16-04 al 22-04;16;sáb 21-04
22/04/2018;Abril;Abr;4;4;2018;201804;Abr-18;Abril 2018;4;Abr-22;dom;7;1Q;22;16;16-04 al 22-04;16;dom 22-04
23/04/2018;Abril;Abr;4;4;2018;201804;Abr-18;Abril 2018;4;Abr-23;lun;1;1Q;23;17;23-04 al 29-04;17;lun 23-04
24/04/2018;Abril;Abr;4;4;2018;201804;Abr-18;Abril 2018;4;Abr-24;mar;2;1Q;24;17;23-04 al 29-04;17;mar 24-04
25/04/2018;Abril;Abr;4;4;2018;201804;Abr-18;Abril 2018;4;Abr-25;mié;3;1Q;25;17;23-04 al 29-04;17;mié 25-04
26/04/2018;Abril;Abr;4;4;2018;201804;Abr-18;Abril 2018;4;Abr-26;jue;4;1Q;26;17;23-04 al 29-04;17;jue 26-04
27/04/2018;Abril;Abr;4;4;2018;201804;Abr-18;Abril 2018;4;Abr-27;vie;5;1Q;27;17;23-04 al 29-04;17;vie 27-04
28/04/2018;Abril;Abr;4;4;2018;201804;Abr-18;Abril 2018;4;Abr-28;sáb;6;1Q;28;17;23-04 al 29-04;17;sáb 28-04
29/04/2018;Abril;Abr;4;4;2018;201804;Abr-18;Abril 2018;4;Abr-29;dom;7;1Q;29;17;23-04 al 29-04;17;dom 29-04
30/04/2018;Abril;Abr;4;4;2018;201804;Abr-18;Abril 2018;4;Abr-30;lun;1;1Q;30;18;30-04 al 06-05;18;lun 30-04
01/05/2018;Mayo;May;5;5;2018;201805;May-18;Mayo 2018;5;May-01;mar;2;1Q;1;18;30-04 al 06-05;18;mar 01-05
02/05/2018;Mayo;May;5;5;2018;201805;May-18;Mayo 2018;5;May-02;mié;3;1Q;2;18;30-04 al 06-05;18;mié 02-05
03/05/2018;Mayo;May;5;5;2018;201805;May-18;Mayo 2018;5;May-03;jue;4;1Q;3;18;30-04 al 06-05;18;jue 03-05
04/05/2018;Mayo;May;5;5;2018;201805;May-18;Mayo 2018;5;May-04;vie;5;1Q;4;18;30-04 al 06-05;18;vie 04-05
05/05/2018;Mayo;May;5;5;2018;201805;May-18;Mayo 2018;5;May-05;sáb;6;1Q;5;18;30-04 al 06-05;18;sáb 05-05
06/05/2018;Mayo;May;5;5;2018;201805;May-18;Mayo 2018;5;May-06;dom;7;1Q;6;18;30-04 al 06-05;18;dom 06-05
07/05/2018;Mayo;May;5;5;2018;201805;May-18;Mayo 2018;5;May-07;lun;1;1Q;7;19;07-05 al 13-05;19;lun 07-05
08/05/2018;Mayo;May;5;5;2018;201805;May-18;Mayo 2018;5;May-08;mar;2;1Q;8;19;07-05 al 13-05;19;mar 08-05
09/05/2018;Mayo;May;5;5;2018;201805;May-18;Mayo 2018;5;May-09;mié;3;1Q;9;19;07-05 al 13-05;19;mié 09-05
10/05/2018;Mayo;May;5;5;2018;201805;May-18;Mayo 2018;5;May-10;jue;4;1Q;10;19;07-05 al 13-05;19;jue 10-05
11/05/2018;Mayo;May;5;5;2018;201805;May-18;Mayo 2018;5;May-11;vie;5;1Q;11;19;07-05 al 13-05;19;vie 11-05
12/05/2018;Mayo;May;5;5;2018;201805;May-18;Mayo 2018;5;May-12;sáb;6;1Q;12;19;07-05 al 13-05;19;sáb 12-05
13/05/2018;Mayo;May;5;5;2018;201805;May-18;Mayo 2018;5;May-13;dom;7;1Q;13;19;07-05 al 13-05;19;dom 13-05
14/05/2018;Mayo;May;5;5;2018;201805;May-18;Mayo 2018;5;May-14;lun;1;1Q;14;20;14-05 al 20-05;20;lun 14-05
15/05/2018;Mayo;May;5;5;2018;201805;May-18;Mayo 2018;5;May-15;mar;2;1Q;15;20;14-05 al 20-05;20;mar 15-05
16/05/2018;Mayo;May;5;5;2018;201805;May-18;Mayo 2018;5;May-16;mié;3;1Q;16;20;14-05 al 20-05;20;mié 16-05
17/05/2018;Mayo;May;5;5;2018;201805;May-18;Mayo 2018;5;May-17;jue;4;1Q;17;20;14-05 al 20-05;20;jue 17-05
18/05/2018;Mayo;May;5;5;2018;201805;May-18;Mayo 2018;5;May-18;vie;5;1Q;18;20;14-05 al 20-05;20;vie 18-05
19/05/2018;Mayo;May;5;5;2018;201805;May-18;Mayo 2018;5;May-19;sáb;6;1Q;19;20;14-05 al 20-05;20;sáb 19-05
20/05/2018;Mayo;May;5;5;2018;201805;May-18;Mayo 2018;5;May-20;dom;7;1Q;20;20;14-05 al 20-05;20;dom 20-05
21/05/2018;Mayo;May;5;5;2018;201805;May-18;Mayo 2018;5;May-21;lun;1;1Q;21;21;21-05 al 27-05;21;lun 21-05
22/05/2018;Mayo;May;5;5;2018;201805;May-18;Mayo 2018;5;May-22;mar;2;1Q;22;21;21-05 al 27-05;21;mar 22-05
23/05/2018;Mayo;May;5;5;2018;201805;May-18;Mayo 2018;5;May-23;mié;3;1Q;23;21;21-05 al 27-05;21;mié 23-05
24/05/2018;Mayo;May;5;5;2018;201805;May-18;Mayo 2018;5;May-24;jue;4;1Q;24;21;21-05 al 27-05;21;jue 24-05
25/05/2018;Mayo;May;5;5;2018;201805;May-18;Mayo 2018;5;May-25;vie;5;1Q;25;21;21-05 al 27-05;21;vie 25-05
26/05/2018;Mayo;May;5;5;2018;201805;May-18;Mayo 2018;5;May-26;sáb;6;1Q;26;21;21-05 al 27-05;21;sáb 26-05
27/05/2018;Mayo;May;5;5;2018;201805;May-18;Mayo 2018;5;May-27;dom;7;1Q;27;21;21-05 al 27-05;21;dom 27-05
28/05/2018;Mayo;May;5;5;2018;201805;May-18;Mayo 2018;5;May-28;lun;1;1Q;28;22;28-05 al 03-06;22;lun 28-05
29/05/2018;Mayo;May;5;5;2018;201805;May-18;Mayo 2018;5;May-29;mar;2;1Q;29;22;28-05 al 03-06;22;mar 29-05
30/05/2018;Mayo;May;5;5;2018;201805;May-18;Mayo 2018;5;May-30;mié;3;1Q;30;22;28-05 al 03-06;22;mié 30-05
31/05/2018;Mayo;May;5;5;2018;201805;May-18;Mayo 2018;5;May-31;jue;4;1Q;31;22;28-05 al 03-06;22;jue 31-05
01/06/2018;Junio;Jun;6;6;2018;201806;Jun-18;Junio 2018;6;Jun-01;vie;5;1Q;1;22;28-05 al 03-06;22;vie 01-06
02/06/2018;Junio;Jun;6;6;2018;201806;Jun-18;Junio 2018;6;Jun-02;sáb;6;1Q;2;22;28-05 al 03-06;22;sáb 02-06
03/06/2018;Junio;Jun;6;6;2018;201806;Jun-18;Junio 2018;6;Jun-03;dom;7;1Q;3;22;28-05 al 03-06;22;dom 03-06
04/06/2018;Junio;Jun;6;6;2018;201806;Jun-18;Junio 2018;6;Jun-04;lun;1;1Q;4;23;04-06 al 10-06;23;lun 04-06
05/06/2018;Junio;Jun;6;6;2018;201806;Jun-18;Junio 2018;6;Jun-05;mar;2;1Q;5;23;04-06 al 10-06;23;mar 05-06
06/06/2018;Junio;Jun;6;6;2018;201806;Jun-18;Junio 2018;6;Jun-06;mié;3;1Q;6;23;04-06 al 10-06;23;mié 06-06
07/06/2018;Junio;Jun;6;6;2018;201806;Jun-18;Junio 2018;6;Jun-07;jue;4;1Q;7;23;04-06 al 10-06;23;jue 07-06
08/06/2018;Junio;Jun;6;6;2018;201806;Jun-18;Junio 2018;6;Jun-08;vie;5;1Q;8;23;04-06 al 10-06;23;vie 08-06
09/06/2018;Junio;Jun;6;6;2018;201806;Jun-18;Junio 2018;6;Jun-09;sáb;6;1Q;9;23;04-06 al 10-06;23;sáb 09-06
10/06/2018;Junio;Jun;6;6;2018;201806;Jun-18;Junio 2018;6;Jun-10;dom;7;1Q;10;23;04-06 al 10-06;23;dom 10-06
11/06/2018;Junio;Jun;6;6;2018;201806;Jun-18;Junio 2018;6;Jun-11;lun;1;1Q;11;24;11-06 al 17-06;24;lun 11-06
12/06/2018;Junio;Jun;6;6;2018;201806;Jun-18;Junio 2018;6;Jun-12;mar;2;1Q;12;24;11-06 al 17-06;24;mar 12-06
13/06/2018;Junio;Jun;6;6;2018;201806;Jun-18;Junio 2018;6;Jun-13;mié;3;1Q;13;24;11-06 al 17-06;24;mié 13-06
14/06/2018;Junio;Jun;6;6;2018;201806;Jun-18;Junio 2018;6;Jun-14;jue;4;1Q;14;24;11-06 al 17-06;24;jue 14-06
15/06/2018;Junio;Jun;6;6;2018;201806;Jun-18;Junio 2018;6;Jun-15;vie;5;1Q;15;24;11-06 al 17-06;24;vie 15-06
16/06/2018;Junio;Jun;6;6;2018;201806;Jun-18;Junio 2018;6;Jun-16;sáb;6;1Q;16;24;11-06 al 17-06;24;sáb 16-06
17/06/2018;Junio;Jun;6;6;2018;201806;Jun-18;Junio 2018;6;Jun-17;dom;7;1Q;17;24;11-06 al 17-06;24;dom 17-06
18/06/2018;Junio;Jun;6;6;2018;201806;Jun-18;Junio 2018;6;Jun-18;lun;1;1Q;18;25;18-06 al 24-06;25;lun 18-06
19/06/2018;Junio;Jun;6;6;2018;201806;Jun-18;Junio 2018;6;Jun-19;mar;2;1Q;19;25;18-06 al 24-06;25;mar 19-06
20/06/2018;Junio;Jun;6;6;2018;201806;Jun-18;Junio 2018;6;Jun-20;mié;3;1Q;20;25;18-06 al 24-06;25;mié 20-06
21/06/2018;Junio;Jun;6;6;2018;201806;Jun-18;Junio 2018;6;Jun-21;jue;4;1Q;21;25;18-06 al 24-06;25;jue 21-06
22/06/2018;Junio;Jun;6;6;2018;201806;Jun-18;Junio 2018;6;Jun-22;vie;5;1Q;22;25;18-06 al 24-06;25;vie 22-06
23/06/2018;Junio;Jun;6;6;2018;201806;Jun-18;Junio 2018;6;Jun-23;sáb;6;1Q;23;25;18-06 al 24-06;25;sáb 23-06
24/06/2018;Junio;Jun;6;6;2018;201806;Jun-18;Junio 2018;6;Jun-24;dom;7;1Q;24;25;18-06 al 24-06;25;dom 24-06
25/06/2018;Junio;Jun;6;6;2018;201806;Jun-18;Junio 2018;6;Jun-25;lun;1;1Q;25;26;25-06 al 01-07;26;lun 25-06
26/06/2018;Junio;Jun;6;6;2018;201806;Jun-18;Junio 2018;6;Jun-26;mar;2;1Q;26;26;25-06 al 01-07;26;mar 26-06
27/06/2018;Junio;Jun;6;6;2018;201806;Jun-18;Junio 2018;6;Jun-27;mié;3;1Q;27;26;25-06 al 01-07;26;mié 27-06
28/06/2018;Junio;Jun;6;6;2018;201806;Jun-18;Junio 2018;6;Jun-28;jue;4;1Q;28;26;25-06 al 01-07;26;jue 28-06
29/06/2018;Junio;Jun;6;6;2018;201806;Jun-18;Junio 2018;6;Jun-29;vie;5;1Q;29;26;25-06 al 01-07;26;vie 29-06
30/06/2018;Junio;Jun;6;6;2018;201806;Jun-18;Junio 2018;6;Jun-30;sáb;6;1Q;30;26;25-06 al 01-07;26;sáb 30-06
01/07/2018;Julio;Jul;7;7;2018;201807;Jul-18;Julio 2018;7;Jul-01;dom;7;1Q;1;26;25-06 al 01-07;26;dom 01-07
02/07/2018;Julio;Jul;7;7;2018;201807;Jul-18;Julio 2018;7;Jul-02;lun;1;1Q;2;27;02-07 al 08-07;27;lun 02-07
03/07/2018;Julio;Jul;7;7;2018;201807;Jul-18;Julio 2018;7;Jul-03;mar;2;1Q;3;27;02-07 al 08-07;27;mar 03-07
04/07/2018;Julio;Jul;7;7;2018;201807;Jul-18;Julio 2018;7;Jul-04;mié;3;1Q;4;27;02-07 al 08-07;27;mié 04-07
05/07/2018;Julio;Jul;7;7;2018;201807;Jul-18;Julio 2018;7;Jul-05;jue;4;1Q;5;27;02-07 al 08-07;27;jue 05-07
06/07/2018;Julio;Jul;7;7;2018;201807;Jul-18;Julio 2018;7;Jul-06;vie;5;1Q;6;27;02-07 al 08-07;27;vie 06-07
07/07/2018;Julio;Jul;7;7;2018;201807;Jul-18;Julio 2018;7;Jul-07;sáb;6;1Q;7;27;02-07 al 08-07;27;sáb 07-07
08/07/2018;Julio;Jul;7;7;2018;201807;Jul-18;Julio 2018;7;Jul-08;dom;7;1Q;8;27;02-07 al 08-07;27;dom 08-07
09/07/2018;Julio;Jul;7;7;2018;201807;Jul-18;Julio 2018;7;Jul-09;lun;1;1Q;9;28;09-07 al 15-07;28;lun 09-07
10/07/2018;Julio;Jul;7;7;2018;201807;Jul-18;Julio 2018;7;Jul-10;mar;2;1Q;10;28;09-07 al 15-07;28;mar 10-07
11/07/2018;Julio;Jul;7;7;2018;201807;Jul-18;Julio 2018;7;Jul-11;mié;3;1Q;11;28;09-07 al 15-07;28;mié 11-07
12/07/2018;Julio;Jul;7;7;2018;201807;Jul-18;Julio 2018;7;Jul-12;jue;4;1Q;12;28;09-07 al 15-07;28;jue 12-07
13/07/2018;Julio;Jul;7;7;2018;201807;Jul-18;Julio 2018;7;Jul-13;vie;5;1Q;13;28;09-07 al 15-07;28;vie 13-07
14/07/2018;Julio;Jul;7;7;2018;201807;Jul-18;Julio 2018;7;Jul-14;sáb;6;1Q;14;28;09-07 al 15-07;28;sáb 14-07
15/07/2018;Julio;Jul;7;7;2018;201807;Jul-18;Julio 2018;7;Jul-15;dom;7;1Q;15;28;09-07 al 15-07;28;dom 15-07
16/07/2018;Julio;Jul;7;7;2018;201807;Jul-18;Julio 2018;7;Jul-16;lun;1;1Q;16;29;16-07 al 22-07;29;lun 16-07
17/07/2018;Julio;Jul;7;7;2018;201807;Jul-18;Julio 2018;7;Jul-17;mar;2;1Q;17;29;16-07 al 22-07;29;mar 17-07
18/07/2018;Julio;Jul;7;7;2018;201807;Jul-18;Julio 2018;7;Jul-18;mié;3;1Q;18;29;16-07 al 22-07;29;mié 18-07
19/07/2018;Julio;Jul;7;7;2018;201807;Jul-18;Julio 2018;7;Jul-19;jue;4;1Q;19;29;16-07 al 22-07;29;jue 19-07
20/07/2018;Julio;Jul;7;7;2018;201807;Jul-18;Julio 2018;7;Jul-20;vie;5;1Q;20;29;16-07 al 22-07;29;vie 20-07
21/07/2018;Julio;Jul;7;7;2018;201807;Jul-18;Julio 2018;7;Jul-21;sáb;6;1Q;21;29;16-07 al 22-07;29;sáb 21-07
22/07/2018;Julio;Jul;7;7;2018;201807;Jul-18;Julio 2018;7;Jul-22;dom;7;1Q;22;29;16-07 al 22-07;29;dom 22-07
23/07/2018;Julio;Jul;7;7;2018;201807;Jul-18;Julio 2018;7;Jul-23;lun;1;1Q;23;30;23-07 al 29-07;30;lun 23-07
24/07/2018;Julio;Jul;7;7;2018;201807;Jul-18;Julio 2018;7;Jul-24;mar;2;1Q;24;30;23-07 al 29-07;30;mar 24-07
25/07/2018;Julio;Jul;7;7;2018;201807;Jul-18;Julio 2018;7;Jul-25;mié;3;1Q;25;30;23-07 al 29-07;30;mié 25-07
26/07/2018;Julio;Jul;7;7;2018;201807;Jul-18;Julio 2018;7;Jul-26;jue;4;1Q;26;30;23-07 al 29-07;30;jue 26-07
27/07/2018;Julio;Jul;7;7;2018;201807;Jul-18;Julio 2018;7;Jul-27;vie;5;1Q;27;30;23-07 al 29-07;30;vie 27-07
28/07/2018;Julio;Jul;7;7;2018;201807;Jul-18;Julio 2018;7;Jul-28;sáb;6;1Q;28;30;23-07 al 29-07;30;sáb 28-07
29/07/2018;Julio;Jul;7;7;2018;201807;Jul-18;Julio 2018;7;Jul-29;dom;7;1Q;29;30;23-07 al 29-07;30;dom 29-07
30/07/2018;Julio;Jul;7;7;2018;201807;Jul-18;Julio 2018;7;Jul-30;lun;1;1Q;30;31;30-07 al 05-08;31;lun 30-07
31/07/2018;Julio;Jul;7;7;2018;201807;Jul-18;Julio 2018;7;Jul-31;mar;2;1Q;31;31;30-07 al 05-08;31;mar 31-07
01/08/2018;Agosto;Ago;8;8;2018;201808;Ago-18;Agosto 2018;8;Ago-01;mié;3;1Q;1;31;30-07 al 05-08;31;mié 01-08
02/08/2018;Agosto;Ago;8;8;2018;201808;Ago-18;Agosto 2018;8;Ago-02;jue;4;1Q;2;31;30-07 al 05-08;31;jue 02-08
03/08/2018;Agosto;Ago;8;8;2018;201808;Ago-18;Agosto 2018;8;Ago-03;vie;5;1Q;3;31;30-07 al 05-08;31;vie 03-08
04/08/2018;Agosto;Ago;8;8;2018;201808;Ago-18;Agosto 2018;8;Ago-04;sáb;6;1Q;4;31;30-07 al 05-08;31;sáb 04-08
05/08/2018;Agosto;Ago;8;8;2018;201808;Ago-18;Agosto 2018;8;Ago-05;dom;7;1Q;5;31;30-07 al 05-08;31;dom 05-08
06/08/2018;Agosto;Ago;8;8;2018;201808;Ago-18;Agosto 2018;8;Ago-06;lun;1;1Q;6;32;06-08 al 12-08;32;lun 06-08
07/08/2018;Agosto;Ago;8;8;2018;201808;Ago-18;Agosto 2018;8;Ago-07;mar;2;1Q;7;32;06-08 al 12-08;32;mar 07-08
08/08/2018;Agosto;Ago;8;8;2018;201808;Ago-18;Agosto 2018;8;Ago-08;mié;3;1Q;8;32;06-08 al 12-08;32;mié 08-08
09/08/2018;Agosto;Ago;8;8;2018;201808;Ago-18;Agosto 2018;8;Ago-09;jue;4;1Q;9;32;06-08 al 12-08;32;jue 09-08
10/08/2018;Agosto;Ago;8;8;2018;201808;Ago-18;Agosto 2018;8;Ago-10;vie;5;1Q;10;32;06-08 al 12-08;32;vie 10-08
11/08/2018;Agosto;Ago;8;8;2018;201808;Ago-18;Agosto 2018;8;Ago-11;sáb;6;1Q;11;32;06-08 al 12-08;32;sáb 11-08
12/08/2018;Agosto;Ago;8;8;2018;201808;Ago-18;Agosto 2018;8;Ago-12;dom;7;1Q;12;32;06-08 al 12-08;32;dom 12-08
13/08/2018;Agosto;Ago;8;8;2018;201808;Ago-18;Agosto 2018;8;Ago-13;lun;1;1Q;13;33;13-08 al 19-08;33;lun 13-08
14/08/2018;Agosto;Ago;8;8;2018;201808;Ago-18;Agosto 2018;8;Ago-14;mar;2;1Q;14;33;13-08 al 19-08;33;mar 14-08
15/08/2018;Agosto;Ago;8;8;2018;201808;Ago-18;Agosto 2018;8;Ago-15;mié;3;1Q;15;33;13-08 al 19-08;33;mié 15-08
16/08/2018;Agosto;Ago;8;8;2018;201808;Ago-18;Agosto 2018;8;Ago-16;jue;4;1Q;16;33;13-08 al 19-08;33;jue 16-08
17/08/2018;Agosto;Ago;8;8;2018;201808;Ago-18;Agosto 2018;8;Ago-17;vie;5;1Q;17;33;13-08 al 19-08;33;vie 17-08
18/08/2018;Agosto;Ago;8;8;2018;201808;Ago-18;Agosto 2018;8;Ago-18;sáb;6;1Q;18;33;13-08 al 19-08;33;sáb 18-08
19/08/2018;Agosto;Ago;8;8;2018;201808;Ago-18;Agosto 2018;8;Ago-19;dom;7;1Q;19;33;13-08 al 19-08;33;dom 19-08
20/08/2018;Agosto;Ago;8;8;2018;201808;Ago-18;Agosto 2018;8;Ago-20;lun;1;1Q;20;34;20-08 al 26-08;34;lun 20-08
21/08/2018;Agosto;Ago;8;8;2018;201808;Ago-18;Agosto 2018;8;Ago-21;mar;2;1Q;21;34;20-08 al 26-08;34;mar 21-08
22/08/2018;Agosto;Ago;8;8;2018;201808;Ago-18;Agosto 2018;8;Ago-22;mié;3;1Q;22;34;20-08 al 26-08;34;mié 22-08
23/08/2018;Agosto;Ago;8;8;2018;201808;Ago-18;Agosto 2018;8;Ago-23;jue;4;1Q;23;34;20-08 al 26-08;34;jue 23-08
24/08/2018;Agosto;Ago;8;8;2018;201808;Ago-18;Agosto 2018;8;Ago-24;vie;5;1Q;24;34;20-08 al 26-08;34;vie 24-08
25/08/2018;Agosto;Ago;8;8;2018;201808;Ago-18;Agosto 2018;8;Ago-25;sáb;6;1Q;25;34;20-08 al 26-08;34;sáb 25-08
26/08/2018;Agosto;Ago;8;8;2018;201808;Ago-18;Agosto 2018;8;Ago-26;dom;7;1Q;26;34;20-08 al 26-08;34;dom 26-08
27/08/2018;Agosto;Ago;8;8;2018;201808;Ago-18;Agosto 2018;8;Ago-27;lun;1;1Q;27;35;27-08 al 02-09;35;lun 27-08
28/08/2018;Agosto;Ago;8;8;2018;201808;Ago-18;Agosto 2018;8;Ago-28;mar;2;1Q;28;35;27-08 al 02-09;35;mar 28-08
29/08/2018;Agosto;Ago;8;8;2018;201808;Ago-18;Agosto 2018;8;Ago-29;mié;3;1Q;29;35;27-08 al 02-09;35;mié 29-08
30/08/2018;Agosto;Ago;8;8;2018;201808;Ago-18;Agosto 2018;8;Ago-30;jue;4;1Q;30;35;27-08 al 02-09;35;jue 30-08
31/08/2018;Agosto;Ago;8;8;2018;201808;Ago-18;Agosto 2018;8;Ago-31;vie;5;1Q;31;35;27-08 al 02-09;35;vie 31-08
01/09/2018;Setiembre;Set;9;9;2018;201809;Set-18;Setiembre 2018;9;Set-01;sáb;6;1Q;1;35;27-08 al 02-09;35;sáb 01-09
02/09/2018;Setiembre;Set;9;9;2018;201809;Set-18;Setiembre 2018;9;Set-02;dom;7;1Q;2;35;27-08 al 02-09;35;dom 02-09
03/09/2018;Setiembre;Set;9;9;2018;201809;Set-18;Setiembre 2018;9;Set-03;lun;1;1Q;3;36;03-09 al 09-09;36;lun 03-09
04/09/2018;Setiembre;Set;9;9;2018;201809;Set-18;Setiembre 2018;9;Set-04;mar;2;1Q;4;36;03-09 al 09-09;36;mar 04-09
05/09/2018;Setiembre;Set;9;9;2018;201809;Set-18;Setiembre 2018;9;Set-05;mié;3;1Q;5;36;03-09 al 09-09;36;mié 05-09
06/09/2018;Setiembre;Set;9;9;2018;201809;Set-18;Setiembre 2018;9;Set-06;jue;4;1Q;6;36;03-09 al 09-09;36;jue 06-09
07/09/2018;Setiembre;Set;9;9;2018;201809;Set-18;Setiembre 2018;9;Set-07;vie;5;1Q;7;36;03-09 al 09-09;36;vie 07-09
08/09/2018;Setiembre;Set;9;9;2018;201809;Set-18;Setiembre 2018;9;Set-08;sáb;6;1Q;8;36;03-09 al 09-09;36;sáb 08-09
09/09/2018;Setiembre;Set;9;9;2018;201809;Set-18;Setiembre 2018;9;Set-09;dom;7;1Q;9;36;03-09 al 09-09;36;dom 09-09
10/09/2018;Setiembre;Set;9;9;2018;201809;Set-18;Setiembre 2018;9;Set-10;lun;1;1Q;10;37;10-09 al 16-09;37;lun 10-09
11/09/2018;Setiembre;Set;9;9;2018;201809;Set-18;Setiembre 2018;9;Set-11;mar;2;1Q;11;37;10-09 al 16-09;37;mar 11-09
12/09/2018;Setiembre;Set;9;9;2018;201809;Set-18;Setiembre 2018;9;Set-12;mié;3;1Q;12;37;10-09 al 16-09;37;mié 12-09
13/09/2018;Setiembre;Set;9;9;2018;201809;Set-18;Setiembre 2018;9;Set-13;jue;4;1Q;13;37;10-09 al 16-09;37;jue 13-09
14/09/2018;Setiembre;Set;9;9;2018;201809;Set-18;Setiembre 2018;9;Set-14;vie;5;1Q;14;37;10-09 al 16-09;37;vie 14-09
15/09/2018;Setiembre;Set;9;9;2018;201809;Set-18;Setiembre 2018;9;Set-15;sáb;6;1Q;15;37;10-09 al 16-09;37;sáb 15-09
16/09/2018;Setiembre;Set;9;9;2018;201809;Set-18;Setiembre 2018;9;Set-16;dom;7;1Q;16;37;10-09 al 16-09;37;dom 16-09
17/09/2018;Setiembre;Set;9;9;2018;201809;Set-18;Setiembre 2018;9;Set-17;lun;1;1Q;17;38;17-09 al 23-09;38;lun 17-09
18/09/2018;Setiembre;Set;9;9;2018;201809;Set-18;Setiembre 2018;9;Set-18;mar;2;1Q;18;38;17-09 al 23-09;38;mar 18-09
19/09/2018;Setiembre;Set;9;9;2018;201809;Set-18;Setiembre 2018;9;Set-19;mié;3;1Q;19;38;17-09 al 23-09;38;mié 19-09
20/09/2018;Setiembre;Set;9;9;2018;201809;Set-18;Setiembre 2018;9;Set-20;jue;4;1Q;20;38;17-09 al 23-09;38;jue 20-09
21/09/2018;Setiembre;Set;9;9;2018;201809;Set-18;Setiembre 2018;9;Set-21;vie;5;1Q;21;38;17-09 al 23-09;38;vie 21-09
22/09/2018;Setiembre;Set;9;9;2018;201809;Set-18;Setiembre 2018;9;Set-22;sáb;6;1Q;22;38;17-09 al 23-09;38;sáb 22-09
23/09/2018;Setiembre;Set;9;9;2018;201809;Set-18;Setiembre 2018;9;Set-23;dom;7;1Q;23;38;17-09 al 23-09;38;dom 23-09
24/09/2018;Setiembre;Set;9;9;2018;201809;Set-18;Setiembre 2018;9;Set-24;lun;1;1Q;24;39;24-09 al 30-09;39;lun 24-09
25/09/2018;Setiembre;Set;9;9;2018;201809;Set-18;Setiembre 2018;9;Set-25;mar;2;1Q;25;39;24-09 al 30-09;39;mar 25-09
26/09/2018;Setiembre;Set;9;9;2018;201809;Set-18;Setiembre 2018;9;Set-26;mié;3;1Q;26;39;24-09 al 30-09;39;mié 26-09
27/09/2018;Setiembre;Set;9;9;2018;201809;Set-18;Setiembre 2018;9;Set-27;jue;4;1Q;27;39;24-09 al 30-09;39;jue 27-09
28/09/2018;Setiembre;Set;9;9;2018;201809;Set-18;Setiembre 2018;9;Set-28;vie;5;1Q;28;39;24-09 al 30-09;39;vie 28-09
29/09/2018;Setiembre;Set;9;9;2018;201809;Set-18;Setiembre 2018;9;Set-29;sáb;6;1Q;29;39;24-09 al 30-09;39;sáb 29-09
30/09/2018;Setiembre;Set;9;9;2018;201809;Set-18;Setiembre 2018;9;Set-30;dom;7;1Q;30;39;24-09 al 30-09;39;dom 30-09
01/10/2018;Octubre;Oct;10;10;2018;201810;Oct-18;Octubre 2018;10;Oct-01;lun;1;1Q;1;40;01-10 al 07-10;40;lun 01-10
02/10/2018;Octubre;Oct;10;10;2018;201810;Oct-18;Octubre 2018;10;Oct-02;mar;2;1Q;2;40;01-10 al 07-10;40;mar 02-10
03/10/2018;Octubre;Oct;10;10;2018;201810;Oct-18;Octubre 2018;10;Oct-03;mié;3;1Q;3;40;01-10 al 07-10;40;mié 03-10
04/10/2018;Octubre;Oct;10;10;2018;201810;Oct-18;Octubre 2018;10;Oct-04;jue;4;1Q;4;40;01-10 al 07-10;40;jue 04-10
05/10/2018;Octubre;Oct;10;10;2018;201810;Oct-18;Octubre 2018;10;Oct-05;vie;5;1Q;5;40;01-10 al 07-10;40;vie 05-10
06/10/2018;Octubre;Oct;10;10;2018;201810;Oct-18;Octubre 2018;10;Oct-06;sáb;6;1Q;6;40;01-10 al 07-10;40;sáb 06-10
07/10/2018;Octubre;Oct;10;10;2018;201810;Oct-18;Octubre 2018;10;Oct-07;dom;7;1Q;7;40;01-10 al 07-10;40;dom 07-10
08/10/2018;Octubre;Oct;10;10;2018;201810;Oct-18;Octubre 2018;10;Oct-08;lun;1;1Q;8;41;08-10 al 14-10;41;lun 08-10
09/10/2018;Octubre;Oct;10;10;2018;201810;Oct-18;Octubre 2018;10;Oct-09;mar;2;1Q;9;41;08-10 al 14-10;41;mar 09-10
10/10/2018;Octubre;Oct;10;10;2018;201810;Oct-18;Octubre 2018;10;Oct-10;mié;3;1Q;10;41;08-10 al 14-10;41;mié 10-10
11/10/2018;Octubre;Oct;10;10;2018;201810;Oct-18;Octubre 2018;10;Oct-11;jue;4;1Q;11;41;08-10 al 14-10;41;jue 11-10
12/10/2018;Octubre;Oct;10;10;2018;201810;Oct-18;Octubre 2018;10;Oct-12;vie;5;1Q;12;41;08-10 al 14-10;41;vie 12-10
13/10/2018;Octubre;Oct;10;10;2018;201810;Oct-18;Octubre 2018;10;Oct-13;sáb;6;1Q;13;41;08-10 al 14-10;41;sáb 13-10
14/10/2018;Octubre;Oct;10;10;2018;201810;Oct-18;Octubre 2018;10;Oct-14;dom;7;1Q;14;41;08-10 al 14-10;41;dom 14-10
15/10/2018;Octubre;Oct;10;10;2018;201810;Oct-18;Octubre 2018;10;Oct-15;lun;1;1Q;15;42;15-10 al 21-10;42;lun 15-10
16/10/2018;Octubre;Oct;10;10;2018;201810;Oct-18;Octubre 2018;10;Oct-16;mar;2;1Q;16;42;15-10 al 21-10;42;mar 16-10
17/10/2018;Octubre;Oct;10;10;2018;201810;Oct-18;Octubre 2018;10;Oct-17;mié;3;1Q;17;42;15-10 al 21-10;42;mié 17-10
18/10/2018;Octubre;Oct;10;10;2018;201810;Oct-18;Octubre 2018;10;Oct-18;jue;4;1Q;18;42;15-10 al 21-10;42;jue 18-10
19/10/2018;Octubre;Oct;10;10;2018;201810;Oct-18;Octubre 2018;10;Oct-19;vie;5;1Q;19;42;15-10 al 21-10;42;vie 19-10
20/10/2018;Octubre;Oct;10;10;2018;201810;Oct-18;Octubre 2018;10;Oct-20;sáb;6;1Q;20;42;15-10 al 21-10;42;sáb 20-10
21/10/2018;Octubre;Oct;10;10;2018;201810;Oct-18;Octubre 2018;10;Oct-21;dom;7;1Q;21;42;15-10 al 21-10;42;dom 21-10
22/10/2018;Octubre;Oct;10;10;2018;201810;Oct-18;Octubre 2018;10;Oct-22;lun;1;1Q;22;43;22-10 al 28-10;43;lun 22-10
23/10/2018;Octubre;Oct;10;10;2018;201810;Oct-18;Octubre 2018;10;Oct-23;mar;2;1Q;23;43;22-10 al 28-10;43;mar 23-10
24/10/2018;Octubre;Oct;10;10;2018;201810;Oct-18;Octubre 2018;10;Oct-24;mié;3;1Q;24;43;22-10 al 28-10;43;mié 24-10
25/10/2018;Octubre;Oct;10;10;2018;201810;Oct-18;Octubre 2018;10;Oct-25;jue;4;1Q;25;43;22-10 al 28-10;43;jue 25-10
26/10/2018;Octubre;Oct;10;10;2018;201810;Oct-18;Octubre 2018;10;Oct-26;vie;5;1Q;26;43;22-10 al 28-10;43;vie 26-10
27/10/2018;Octubre;Oct;10;10;2018;201810;Oct-18;Octubre 2018;10;Oct-27;sáb;6;1Q;27;43;22-10 al 28-10;43;sáb 27-10
28/10/2018;Octubre;Oct;10;10;2018;201810;Oct-18;Octubre 2018;10;Oct-28;dom;7;1Q;28;43;22-10 al 28-10;43;dom 28-10
29/10/2018;Octubre;Oct;10;10;2018;201810;Oct-18;Octubre 2018;10;Oct-29;lun;1;1Q;29;44;29-10 al 04-11;44;lun 29-10
30/10/2018;Octubre;Oct;10;10;2018;201810;Oct-18;Octubre 2018;10;Oct-30;mar;2;1Q;30;44;29-10 al 04-11;44;mar 30-10
31/10/2018;Octubre;Oct;10;10;2018;201810;Oct-18;Octubre 2018;10;Oct-31;mié;3;1Q;31;44;29-10 al 04-11;44;mié 31-10
01/11/2018;Noviembre;Nov;11;11;2018;201811;Nov-18;Noviembre 2018;11;Nov-01;jue;4;1Q;1;44;29-10 al 04-11;44;jue 01-11
02/11/2018;Noviembre;Nov;11;11;2018;201811;Nov-18;Noviembre 2018;11;Nov-02;vie;5;1Q;2;44;29-10 al 04-11;44;vie 02-11
03/11/2018;Noviembre;Nov;11;11;2018;201811;Nov-18;Noviembre 2018;11;Nov-03;sáb;6;1Q;3;44;29-10 al 04-11;44;sáb 03-11
04/11/2018;Noviembre;Nov;11;11;2018;201811;Nov-18;Noviembre 2018;11;Nov-04;dom;7;1Q;4;44;29-10 al 04-11;44;dom 04-11
05/11/2018;Noviembre;Nov;11;11;2018;201811;Nov-18;Noviembre 2018;11;Nov-05;lun;1;1Q;5;45;05-11 al 11-11;45;lun 05-11
06/11/2018;Noviembre;Nov;11;11;2018;201811;Nov-18;Noviembre 2018;11;Nov-06;mar;2;1Q;6;45;05-11 al 11-11;45;mar 06-11
07/11/2018;Noviembre;Nov;11;11;2018;201811;Nov-18;Noviembre 2018;11;Nov-07;mié;3;1Q;7;45;05-11 al 11-11;45;mié 07-11
08/11/2018;Noviembre;Nov;11;11;2018;201811;Nov-18;Noviembre 2018;11;Nov-08;jue;4;1Q;8;45;05-11 al 11-11;45;jue 08-11
09/11/2018;Noviembre;Nov;11;11;2018;201811;Nov-18;Noviembre 2018;11;Nov-09;vie;5;1Q;9;45;05-11 al 11-11;45;vie 09-11
10/11/2018;Noviembre;Nov;11;11;2018;201811;Nov-18;Noviembre 2018;11;Nov-10;sáb;6;1Q;10;45;05-11 al 11-11;45;sáb 10-11
11/11/2018;Noviembre;Nov;11;11;2018;201811;Nov-18;Noviembre 2018;11;Nov-11;dom;7;1Q;11;45;05-11 al 11-11;45;dom 11-11
12/11/2018;Noviembre;Nov;11;11;2018;201811;Nov-18;Noviembre 2018;11;Nov-12;lun;1;1Q;12;46;12-11 al 18-11;46;lun 12-11
13/11/2018;Noviembre;Nov;11;11;2018;201811;Nov-18;Noviembre 2018;11;Nov-13;mar;2;1Q;13;46;12-11 al 18-11;46;mar 13-11
14/11/2018;Noviembre;Nov;11;11;2018;201811;Nov-18;Noviembre 2018;11;Nov-14;mié;3;1Q;14;46;12-11 al 18-11;46;mié 14-11
15/11/2018;Noviembre;Nov;11;11;2018;201811;Nov-18;Noviembre 2018;11;Nov-15;jue;4;1Q;15;46;12-11 al 18-11;46;jue 15-11
16/11/2018;Noviembre;Nov;11;11;2018;201811;Nov-18;Noviembre 2018;11;Nov-16;vie;5;1Q;16;46;12-11 al 18-11;46;vie 16-11
17/11/2018;Noviembre;Nov;11;11;2018;201811;Nov-18;Noviembre 2018;11;Nov-17;sáb;6;1Q;17;46;12-11 al 18-11;46;sáb 17-11
18/11/2018;Noviembre;Nov;11;11;2018;201811;Nov-18;Noviembre 2018;11;Nov-18;dom;7;1Q;18;46;12-11 al 18-11;46;dom 18-11
19/11/2018;Noviembre;Nov;11;11;2018;201811;Nov-18;Noviembre 2018;11;Nov-19;lun;1;1Q;19;47;19-11 al 25-11;47;lun 19-11
20/11/2018;Noviembre;Nov;11;11;2018;201811;Nov-18;Noviembre 2018;11;Nov-20;mar;2;1Q;20;47;19-11 al 25-11;47;mar 20-11
21/11/2018;Noviembre;Nov;11;11;2018;201811;Nov-18;Noviembre 2018;11;Nov-21;mié;3;1Q;21;47;19-11 al 25-11;47;mié 21-11
22/11/2018;Noviembre;Nov;11;11;2018;201811;Nov-18;Noviembre 2018;11;Nov-22;jue;4;1Q;22;47;19-11 al 25-11;47;jue 22-11
23/11/2018;Noviembre;Nov;11;11;2018;201811;Nov-18;Noviembre 2018;11;Nov-23;vie;5;1Q;23;47;19-11 al 25-11;47;vie 23-11
24/11/2018;Noviembre;Nov;11;11;2018;201811;Nov-18;Noviembre 2018;11;Nov-24;sáb;6;1Q;24;47;19-11 al 25-11;47;sáb 24-11
25/11/2018;Noviembre;Nov;11;11;2018;201811;Nov-18;Noviembre 2018;11;Nov-25;dom;7;1Q;25;47;19-11 al 25-11;47;dom 25-11
26/11/2018;Noviembre;Nov;11;11;2018;201811;Nov-18;Noviembre 2018;11;Nov-26;lun;1;1Q;26;48;26-11 al 02-12;48;lun 26-11
27/11/2018;Noviembre;Nov;11;11;2018;201811;Nov-18;Noviembre 2018;11;Nov-27;mar;2;1Q;27;48;26-11 al 02-12;48;mar 27-11
28/11/2018;Noviembre;Nov;11;11;2018;201811;Nov-18;Noviembre 2018;11;Nov-28;mié;3;1Q;28;48;26-11 al 02-12;48;mié 28-11
29/11/2018;Noviembre;Nov;11;11;2018;201811;Nov-18;Noviembre 2018;11;Nov-29;jue;4;1Q;29;48;26-11 al 02-12;48;jue 29-11
30/11/2018;Noviembre;Nov;11;11;2018;201811;Nov-18;Noviembre 2018;11;Nov-30;vie;5;1Q;30;48;26-11 al 02-12;48;vie 30-11
01/12/2018;Diciembre;Dic;12;12;2018;201812;Dic-18;Diciembre 2018;12;Dic-01;sáb;6;1Q;1;48;26-11 al 02-12;48;sáb 01-12
02/12/2018;Diciembre;Dic;12;12;2018;201812;Dic-18;Diciembre 2018;12;Dic-02;dom;7;1Q;2;48;26-11 al 02-12;48;dom 02-12
03/12/2018;Diciembre;Dic;12;12;2018;201812;Dic-18;Diciembre 2018;12;Dic-03;lun;1;1Q;3;49;03-12 al 09-12;49;lun 03-12
04/12/2018;Diciembre;Dic;12;12;2018;201812;Dic-18;Diciembre 2018;12;Dic-04;mar;2;1Q;4;49;03-12 al 09-12;49;mar 04-12
05/12/2018;Diciembre;Dic;12;12;2018;201812;Dic-18;Diciembre 2018;12;Dic-05;mié;3;1Q;5;49;03-12 al 09-12;49;mié 05-12
06/12/2018;Diciembre;Dic;12;12;2018;201812;Dic-18;Diciembre 2018;12;Dic-06;jue;4;1Q;6;49;03-12 al 09-12;49;jue 06-12
07/12/2018;Diciembre;Dic;12;12;2018;201812;Dic-18;Diciembre 2018;12;Dic-07;vie;5;1Q;7;49;03-12 al 09-12;49;vie 07-12
08/12/2018;Diciembre;Dic;12;12;2018;201812;Dic-18;Diciembre 2018;12;Dic-08;sáb;6;1Q;8;49;03-12 al 09-12;49;sáb 08-12
09/12/2018;Diciembre;Dic;12;12;2018;201812;Dic-18;Diciembre 2018;12;Dic-09;dom;7;1Q;9;49;03-12 al 09-12;49;dom 09-12
10/12/2018;Diciembre;Dic;12;12;2018;201812;Dic-18;Diciembre 2018;12;Dic-10;lun;1;1Q;10;50;10-12 al 16-12;50;lun 10-12
11/12/2018;Diciembre;Dic;12;12;2018;201812;Dic-18;Diciembre 2018;12;Dic-11;mar;2;1Q;11;50;10-12 al 16-12;50;mar 11-12
12/12/2018;Diciembre;Dic;12;12;2018;201812;Dic-18;Diciembre 2018;12;Dic-12;mié;3;1Q;12;50;10-12 al 16-12;50;mié 12-12
13/12/2018;Diciembre;Dic;12;12;2018;201812;Dic-18;Diciembre 2018;12;Dic-13;jue;4;1Q;13;50;10-12 al 16-12;50;jue 13-12
14/12/2018;Diciembre;Dic;12;12;2018;201812;Dic-18;Diciembre 2018;12;Dic-14;vie;5;1Q;14;50;10-12 al 16-12;50;vie 14-12
15/12/2018;Diciembre;Dic;12;12;2018;201812;Dic-18;Diciembre 2018;12;Dic-15;sáb;6;1Q;15;50;10-12 al 16-12;50;sáb 15-12
16/12/2018;Diciembre;Dic;12;12;2018;201812;Dic-18;Diciembre 2018;12;Dic-16;dom;7;1Q;16;50;10-12 al 16-12;50;dom 16-12
17/12/2018;Diciembre;Dic;12;12;2018;201812;Dic-18;Diciembre 2018;12;Dic-17;lun;1;1Q;17;51;17-12 al 23-12;51;lun 17-12
18/12/2018;Diciembre;Dic;12;12;2018;201812;Dic-18;Diciembre 2018;12;Dic-18;mar;2;1Q;18;51;17-12 al 23-12;51;mar 18-12
19/12/2018;Diciembre;Dic;12;12;2018;201812;Dic-18;Diciembre 2018;12;Dic-19;mié;3;1Q;19;51;17-12 al 23-12;51;mié 19-12
20/12/2018;Diciembre;Dic;12;12;2018;201812;Dic-18;Diciembre 2018;12;Dic-20;jue;4;1Q;20;51;17-12 al 23-12;51;jue 20-12
21/12/2018;Diciembre;Dic;12;12;2018;201812;Dic-18;Diciembre 2018;12;Dic-21;vie;5;1Q;21;51;17-12 al 23-12;51;vie 21-12
22/12/2018;Diciembre;Dic;12;12;2018;201812;Dic-18;Diciembre 2018;12;Dic-22;sáb;6;1Q;22;51;17-12 al 23-12;51;sáb 22-12
23/12/2018;Diciembre;Dic;12;12;2018;201812;Dic-18;Diciembre 2018;12;Dic-23;dom;7;1Q;23;51;17-12 al 23-12;51;dom 23-12
24/12/2018;Diciembre;Dic;12;12;2018;201812;Dic-18;Diciembre 2018;12;Dic-24;lun;1;1Q;24;52;24-12 al 30-12;52;lun 24-12
25/12/2018;Diciembre;Dic;12;12;2018;201812;Dic-18;Diciembre 2018;12;Dic-25;mar;2;1Q;25;52;24-12 al 30-12;52;mar 25-12
26/12/2018;Diciembre;Dic;12;12;2018;201812;Dic-18;Diciembre 2018;12;Dic-26;mié;3;1Q;26;52;24-12 al 30-12;52;mié 26-12
27/12/2018;Diciembre;Dic;12;12;2018;201812;Dic-18;Diciembre 2018;12;Dic-27;jue;4;1Q;27;52;24-12 al 30-12;52;jue 27-12
28/12/2018;Diciembre;Dic;12;12;2018;201812;Dic-18;Diciembre 2018;12;Dic-28;vie;5;1Q;28;52;24-12 al 30-12;52;vie 28-12
29/12/2018;Diciembre;Dic;12;12;2018;201812;Dic-18;Diciembre 2018;12;Dic-29;sáb;6;1Q;29;52;24-12 al 30-12;52;sáb 29-12
30/12/2018;Diciembre;Dic;12;12;2018;201812;Dic-18;Diciembre 2018;12;Dic-30;dom;7;1Q;30;52;24-12 al 30-12;52;dom 30-12
31/12/2018;Diciembre;Dic;12;12;2018;201812;Dic-18;Diciembre 2018;12;Dic-31;lun;1;1Q;31;53;31-12 al 06-01;53;lun 31-12
01/01/2019;Enero;Ene;1;13;2019;201901;Ene-19;Enero 2019;13;Ene-01;mar;2;1Q;1;1;31-12 al 06-01;53;mar 01-01
02/01/2019;Enero;Ene;1;13;2019;201901;Ene-19;Enero 2019;13;Ene-02;mié;3;1Q;2;1;31-12 al 06-01;53;mié 02-01
03/01/2019;Enero;Ene;1;13;2019;201901;Ene-19;Enero 2019;13;Ene-03;jue;4;1Q;3;1;31-12 al 06-01;53;jue 03-01
04/01/2019;Enero;Ene;1;13;2019;201901;Ene-19;Enero 2019;13;Ene-04;vie;5;1Q;4;1;31-12 al 06-01;53;vie 04-01
05/01/2019;Enero;Ene;1;13;2019;201901;Ene-19;Enero 2019;13;Ene-05;sáb;6;1Q;5;1;31-12 al 06-01;53;sáb 05-01
06/01/2019;Enero;Ene;1;13;2019;201901;Ene-19;Enero 2019;13;Ene-06;dom;7;1Q;6;1;31-12 al 06-01;53;dom 06-01
07/01/2019;Enero;Ene;1;13;2019;201901;Ene-19;Enero 2019;13;Ene-07;lun;1;1Q;7;2;07-01 al 13-01;54;lun 07-01
08/01/2019;Enero;Ene;1;13;2019;201901;Ene-19;Enero 2019;13;Ene-08;mar;2;1Q;8;2;07-01 al 13-01;54;mar 08-01
09/01/2019;Enero;Ene;1;13;2019;201901;Ene-19;Enero 2019;13;Ene-09;mié;3;1Q;9;2;07-01 al 13-01;54;mié 09-01
10/01/2019;Enero;Ene;1;13;2019;201901;Ene-19;Enero 2019;13;Ene-10;jue;4;1Q;10;2;07-01 al 13-01;54;jue 10-01
11/01/2019;Enero;Ene;1;13;2019;201901;Ene-19;Enero 2019;13;Ene-11;vie;5;1Q;11;2;07-01 al 13-01;54;vie 11-01
12/01/2019;Enero;Ene;1;13;2019;201901;Ene-19;Enero 2019;13;Ene-12;sáb;6;1Q;12;2;07-01 al 13-01;54;sáb 12-01
13/01/2019;Enero;Ene;1;13;2019;201901;Ene-19;Enero 2019;13;Ene-13;dom;7;1Q;13;2;07-01 al 13-01;54;dom 13-01
14/01/2019;Enero;Ene;1;13;2019;201901;Ene-19;Enero 2019;13;Ene-14;lun;1;1Q;14;3;14-01 al 20-01;55;lun 14-01
15/01/2019;Enero;Ene;1;13;2019;201901;Ene-19;Enero 2019;13;Ene-15;mar;2;1Q;15;3;14-01 al 20-01;55;mar 15-01
16/01/2019;Enero;Ene;1;13;2019;201901;Ene-19;Enero 2019;13;Ene-16;mié;3;1Q;16;3;14-01 al 20-01;55;mié 16-01
17/01/2019;Enero;Ene;1;13;2019;201901;Ene-19;Enero 2019;13;Ene-17;jue;4;1Q;17;3;14-01 al 20-01;55;jue 17-01
18/01/2019;Enero;Ene;1;13;2019;201901;Ene-19;Enero 2019;13;Ene-18;vie;5;1Q;18;3;14-01 al 20-01;55;vie 18-01
19/01/2019;Enero;Ene;1;13;2019;201901;Ene-19;Enero 2019;13;Ene-19;sáb;6;1Q;19;3;14-01 al 20-01;55;sáb 19-01
20/01/2019;Enero;Ene;1;13;2019;201901;Ene-19;Enero 2019;13;Ene-20;dom;7;1Q;20;3;14-01 al 20-01;55;dom 20-01
21/01/2019;Enero;Ene;1;13;2019;201901;Ene-19;Enero 2019;13;Ene-21;lun;1;1Q;21;4;21-01 al 27-01;56;lun 21-01
22/01/2019;Enero;Ene;1;13;2019;201901;Ene-19;Enero 2019;13;Ene-22;mar;2;1Q;22;4;21-01 al 27-01;56;mar 22-01
23/01/2019;Enero;Ene;1;13;2019;201901;Ene-19;Enero 2019;13;Ene-23;mié;3;1Q;23;4;21-01 al 27-01;56;mié 23-01
24/01/2019;Enero;Ene;1;13;2019;201901;Ene-19;Enero 2019;13;Ene-24;jue;4;1Q;24;4;21-01 al 27-01;56;jue 24-01
25/01/2019;Enero;Ene;1;13;2019;201901;Ene-19;Enero 2019;13;Ene-25;vie;5;1Q;25;4;21-01 al 27-01;56;vie 25-01
26/01/2019;Enero;Ene;1;13;2019;201901;Ene-19;Enero 2019;13;Ene-26;sáb;6;1Q;26;4;21-01 al 27-01;56;sáb 26-01
27/01/2019;Enero;Ene;1;13;2019;201901;Ene-19;Enero 2019;13;Ene-27;dom;7;1Q;27;4;21-01 al 27-01;56;dom 27-01
28/01/2019;Enero;Ene;1;13;2019;201901;Ene-19;Enero 2019;13;Ene-28;lun;1;1Q;28;5;28-01 al 03-02;57;lun 28-01
29/01/2019;Enero;Ene;1;13;2019;201901;Ene-19;Enero 2019;13;Ene-29;mar;2;1Q;29;5;28-01 al 03-02;57;mar 29-01
30/01/2019;Enero;Ene;1;13;2019;201901;Ene-19;Enero 2019;13;Ene-30;mié;3;1Q;30;5;28-01 al 03-02;57;mié 30-01
31/01/2019;Enero;Ene;1;13;2019;201901;Ene-19;Enero 2019;13;Ene-31;jue;4;1Q;31;5;28-01 al 03-02;57;jue 31-01
01/02/2019;Febrero;Feb;2;14;2019;201902;Feb-19;Febrero 2019;14;Feb-01;vie;5;1Q;1;5;28-01 al 03-02;57;vie 01-02
02/02/2019;Febrero;Feb;2;14;2019;201902;Feb-19;Febrero 2019;14;Feb-02;sáb;6;1Q;2;5;28-01 al 03-02;57;sáb 02-02
03/02/2019;Febrero;Feb;2;14;2019;201902;Feb-19;Febrero 2019;14;Feb-03;dom;7;1Q;3;5;28-01 al 03-02;57;dom 03-02
04/02/2019;Febrero;Feb;2;14;2019;201902;Feb-19;Febrero 2019;14;Feb-04;lun;1;1Q;4;6;04-02 al 10-02;58;lun 04-02
05/02/2019;Febrero;Feb;2;14;2019;201902;Feb-19;Febrero 2019;14;Feb-05;mar;2;1Q;5;6;04-02 al 10-02;58;mar 05-02
06/02/2019;Febrero;Feb;2;14;2019;201902;Feb-19;Febrero 2019;14;Feb-06;mié;3;1Q;6;6;04-02 al 10-02;58;mié 06-02
07/02/2019;Febrero;Feb;2;14;2019;201902;Feb-19;Febrero 2019;14;Feb-07;jue;4;1Q;7;6;04-02 al 10-02;58;jue 07-02
08/02/2019;Febrero;Feb;2;14;2019;201902;Feb-19;Febrero 2019;14;Feb-08;vie;5;1Q;8;6;04-02 al 10-02;58;vie 08-02
09/02/2019;Febrero;Feb;2;14;2019;201902;Feb-19;Febrero 2019;14;Feb-09;sáb;6;1Q;9;6;04-02 al 10-02;58;sáb 09-02
10/02/2019;Febrero;Feb;2;14;2019;201902;Feb-19;Febrero 2019;14;Feb-10;dom;7;1Q;10;6;04-02 al 10-02;58;dom 10-02
11/02/2019;Febrero;Feb;2;14;2019;201902;Feb-19;Febrero 2019;14;Feb-11;lun;1;1Q;11;7;11-02 al 17-02;59;lun 11-02
12/02/2019;Febrero;Feb;2;14;2019;201902;Feb-19;Febrero 2019;14;Feb-12;mar;2;1Q;12;7;11-02 al 17-02;59;mar 12-02
13/02/2019;Febrero;Feb;2;14;2019;201902;Feb-19;Febrero 2019;14;Feb-13;mié;3;1Q;13;7;11-02 al 17-02;59;mié 13-02
14/02/2019;Febrero;Feb;2;14;2019;201902;Feb-19;Febrero 2019;14;Feb-14;jue;4;1Q;14;7;11-02 al 17-02;59;jue 14-02
15/02/2019;Febrero;Feb;2;14;2019;201902;Feb-19;Febrero 2019;14;Feb-15;vie;5;1Q;15;7;11-02 al 17-02;59;vie 15-02
16/02/2019;Febrero;Feb;2;14;2019;201902;Feb-19;Febrero 2019;14;Feb-16;sáb;6;1Q;16;7;11-02 al 17-02;59;sáb 16-02
17/02/2019;Febrero;Feb;2;14;2019;201902;Feb-19;Febrero 2019;14;Feb-17;dom;7;1Q;17;7;11-02 al 17-02;59;dom 17-02
18/02/2019;Febrero;Feb;2;14;2019;201902;Feb-19;Febrero 2019;14;Feb-18;lun;1;1Q;18;8;18-02 al 24-02;60;lun 18-02
19/02/2019;Febrero;Feb;2;14;2019;201902;Feb-19;Febrero 2019;14;Feb-19;mar;2;1Q;19;8;18-02 al 24-02;60;mar 19-02
20/02/2019;Febrero;Feb;2;14;2019;201902;Feb-19;Febrero 2019;14;Feb-20;mié;3;1Q;20;8;18-02 al 24-02;60;mié 20-02
21/02/2019;Febrero;Feb;2;14;2019;201902;Feb-19;Febrero 2019;14;Feb-21;jue;4;1Q;21;8;18-02 al 24-02;60;jue 21-02
22/02/2019;Febrero;Feb;2;14;2019;201902;Feb-19;Febrero 2019;14;Feb-22;vie;5;1Q;22;8;18-02 al 24-02;60;vie 22-02
23/02/2019;Febrero;Feb;2;14;2019;201902;Feb-19;Febrero 2019;14;Feb-23;sáb;6;1Q;23;8;18-02 al 24-02;60;sáb 23-02
24/02/2019;Febrero;Feb;2;14;2019;201902;Feb-19;Febrero 2019;14;Feb-24;dom;7;1Q;24;8;18-02 al 24-02;60;dom 24-02
25/02/2019;Febrero;Feb;2;14;2019;201902;Feb-19;Febrero 2019;14;Feb-25;lun;1;1Q;25;9;25-02 al 03-03;61;lun 25-02
26/02/2019;Febrero;Feb;2;14;2019;201902;Feb-19;Febrero 2019;14;Feb-26;mar;2;1Q;26;9;25-02 al 03-03;61;mar 26-02
27/02/2019;Febrero;Feb;2;14;2019;201902;Feb-19;Febrero 2019;14;Feb-27;mié;3;1Q;27;9;25-02 al 03-03;61;mié 27-02
28/02/2019;Febrero;Feb;2;14;2019;201902;Feb-19;Febrero 2019;14;Feb-28;jue;4;1Q;28;9;25-02 al 03-03;61;jue 28-02
01/03/2019;Marzo;Mar;3;15;2019;201903;Mar-19;Marzo 2019;15;Mar-01;vie;5;1Q;1;9;25-02 al 03-03;61;vie 01-03
02/03/2019;Marzo;Mar;3;15;2019;201903;Mar-19;Marzo 2019;15;Mar-02;sáb;6;1Q;2;9;25-02 al 03-03;61;sáb 02-03
03/03/2019;Marzo;Mar;3;15;2019;201903;Mar-19;Marzo 2019;15;Mar-03;dom;7;1Q;3;9;25-02 al 03-03;61;dom 03-03
04/03/2019;Marzo;Mar;3;15;2019;201903;Mar-19;Marzo 2019;15;Mar-04;lun;1;1Q;4;10;04-03 al 10-03;62;lun 04-03
05/03/2019;Marzo;Mar;3;15;2019;201903;Mar-19;Marzo 2019;15;Mar-05;mar;2;1Q;5;10;04-03 al 10-03;62;mar 05-03
06/03/2019;Marzo;Mar;3;15;2019;201903;Mar-19;Marzo 2019;15;Mar-06;mié;3;1Q;6;10;04-03 al 10-03;62;mié 06-03
07/03/2019;Marzo;Mar;3;15;2019;201903;Mar-19;Marzo 2019;15;Mar-07;jue;4;1Q;7;10;04-03 al 10-03;62;jue 07-03
08/03/2019;Marzo;Mar;3;15;2019;201903;Mar-19;Marzo 2019;15;Mar-08;vie;5;1Q;8;10;04-03 al 10-03;62;vie 08-03
09/03/2019;Marzo;Mar;3;15;2019;201903;Mar-19;Marzo 2019;15;Mar-09;sáb;6;1Q;9;10;04-03 al 10-03;62;sáb 09-03
10/03/2019;Marzo;Mar;3;15;2019;201903;Mar-19;Marzo 2019;15;Mar-10;dom;7;1Q;10;10;04-03 al 10-03;62;dom 10-03
11/03/2019;Marzo;Mar;3;15;2019;201903;Mar-19;Marzo 2019;15;Mar-11;lun;1;1Q;11;11;11-03 al 17-03;63;lun 11-03
12/03/2019;Marzo;Mar;3;15;2019;201903;Mar-19;Marzo 2019;15;Mar-12;mar;2;1Q;12;11;11-03 al 17-03;63;mar 12-03
13/03/2019;Marzo;Mar;3;15;2019;201903;Mar-19;Marzo 2019;15;Mar-13;mié;3;1Q;13;11;11-03 al 17-03;63;mié 13-03
14/03/2019;Marzo;Mar;3;15;2019;201903;Mar-19;Marzo 2019;15;Mar-14;jue;4;1Q;14;11;11-03 al 17-03;63;jue 14-03
15/03/2019;Marzo;Mar;3;15;2019;201903;Mar-19;Marzo 2019;15;Mar-15;vie;5;1Q;15;11;11-03 al 17-03;63;vie 15-03
16/03/2019;Marzo;Mar;3;15;2019;201903;Mar-19;Marzo 2019;15;Mar-16;sáb;6;1Q;16;11;11-03 al 17-03;63;sáb 16-03
17/03/2019;Marzo;Mar;3;15;2019;201903;Mar-19;Marzo 2019;15;Mar-17;dom;7;1Q;17;11;11-03 al 17-03;63;dom 17-03
18/03/2019;Marzo;Mar;3;15;2019;201903;Mar-19;Marzo 2019;15;Mar-18;lun;1;1Q;18;12;18-03 al 24-03;64;lun 18-03
19/03/2019;Marzo;Mar;3;15;2019;201903;Mar-19;Marzo 2019;15;Mar-19;mar;2;1Q;19;12;18-03 al 24-03;64;mar 19-03
20/03/2019;Marzo;Mar;3;15;2019;201903;Mar-19;Marzo 2019;15;Mar-20;mié;3;1Q;20;12;18-03 al 24-03;64;mié 20-03
21/03/2019;Marzo;Mar;3;15;2019;201903;Mar-19;Marzo 2019;15;Mar-21;jue;4;1Q;21;12;18-03 al 24-03;64;jue 21-03
22/03/2019;Marzo;Mar;3;15;2019;201903;Mar-19;Marzo 2019;15;Mar-22;vie;5;1Q;22;12;18-03 al 24-03;64;vie 22-03
23/03/2019;Marzo;Mar;3;15;2019;201903;Mar-19;Marzo 2019;15;Mar-23;sáb;6;1Q;23;12;18-03 al 24-03;64;sáb 23-03
24/03/2019;Marzo;Mar;3;15;2019;201903;Mar-19;Marzo 2019;15;Mar-24;dom;7;1Q;24;12;18-03 al 24-03;64;dom 24-03
25/03/2019;Marzo;Mar;3;15;2019;201903;Mar-19;Marzo 2019;15;Mar-25;lun;1;1Q;25;13;25-03 al 31-03;65;lun 25-03
26/03/2019;Marzo;Mar;3;15;2019;201903;Mar-19;Marzo 2019;15;Mar-26;mar;2;1Q;26;13;25-03 al 31-03;65;mar 26-03
27/03/2019;Marzo;Mar;3;15;2019;201903;Mar-19;Marzo 2019;15;Mar-27;mié;3;1Q;27;13;25-03 al 31-03;65;mié 27-03
28/03/2019;Marzo;Mar;3;15;2019;201903;Mar-19;Marzo 2019;15;Mar-28;jue;4;1Q;28;13;25-03 al 31-03;65;jue 28-03
29/03/2019;Marzo;Mar;3;15;2019;201903;Mar-19;Marzo 2019;15;Mar-29;vie;5;1Q;29;13;25-03 al 31-03;65;vie 29-03
30/03/2019;Marzo;Mar;3;15;2019;201903;Mar-19;Marzo 2019;15;Mar-30;sáb;6;1Q;30;13;25-03 al 31-03;65;sáb 30-03
31/03/2019;Marzo;Mar;3;15;2019;201903;Mar-19;Marzo 2019;15;Mar-31;dom;7;1Q;31;13;25-03 al 31-03;65;dom 31-03
01/04/2019;Abril;Abr;4;16;2019;201904;Abr-19;Abril 2019;16;Abr-01;lun;1;1Q;1;14;01-04 al 07-04;66;lun 01-04
02/04/2019;Abril;Abr;4;16;2019;201904;Abr-19;Abril 2019;16;Abr-02;mar;2;1Q;2;14;01-04 al 07-04;66;mar 02-04
03/04/2019;Abril;Abr;4;16;2019;201904;Abr-19;Abril 2019;16;Abr-03;mié;3;1Q;3;14;01-04 al 07-04;66;mié 03-04
04/04/2019;Abril;Abr;4;16;2019;201904;Abr-19;Abril 2019;16;Abr-04;jue;4;1Q;4;14;01-04 al 07-04;66;jue 04-04
05/04/2019;Abril;Abr;4;16;2019;201904;Abr-19;Abril 2019;16;Abr-05;vie;5;1Q;5;14;01-04 al 07-04;66;vie 05-04
06/04/2019;Abril;Abr;4;16;2019;201904;Abr-19;Abril 2019;16;Abr-06;sáb;6;1Q;6;14;01-04 al 07-04;66;sáb 06-04
07/04/2019;Abril;Abr;4;16;2019;201904;Abr-19;Abril 2019;16;Abr-07;dom;7;1Q;7;14;01-04 al 07-04;66;dom 07-04
08/04/2019;Abril;Abr;4;16;2019;201904;Abr-19;Abril 2019;16;Abr-08;lun;1;1Q;8;15;08-04 al 14-04;67;lun 08-04
09/04/2019;Abril;Abr;4;16;2019;201904;Abr-19;Abril 2019;16;Abr-09;mar;2;1Q;9;15;08-04 al 14-04;67;mar 09-04
10/04/2019;Abril;Abr;4;16;2019;201904;Abr-19;Abril 2019;16;Abr-10;mié;3;1Q;10;15;08-04 al 14-04;67;mié 10-04
11/04/2019;Abril;Abr;4;16;2019;201904;Abr-19;Abril 2019;16;Abr-11;jue;4;1Q;11;15;08-04 al 14-04;67;jue 11-04
12/04/2019;Abril;Abr;4;16;2019;201904;Abr-19;Abril 2019;16;Abr-12;vie;5;1Q;12;15;08-04 al 14-04;67;vie 12-04
13/04/2019;Abril;Abr;4;16;2019;201904;Abr-19;Abril 2019;16;Abr-13;sáb;6;1Q;13;15;08-04 al 14-04;67;sáb 13-04
14/04/2019;Abril;Abr;4;16;2019;201904;Abr-19;Abril 2019;16;Abr-14;dom;7;1Q;14;15;08-04 al 14-04;67;dom 14-04
15/04/2019;Abril;Abr;4;16;2019;201904;Abr-19;Abril 2019;16;Abr-15;lun;1;1Q;15;16;15-04 al 21-04;68;lun 15-04
16/04/2019;Abril;Abr;4;16;2019;201904;Abr-19;Abril 2019;16;Abr-16;mar;2;1Q;16;16;15-04 al 21-04;68;mar 16-04
17/04/2019;Abril;Abr;4;16;2019;201904;Abr-19;Abril 2019;16;Abr-17;mié;3;1Q;17;16;15-04 al 21-04;68;mié 17-04
18/04/2019;Abril;Abr;4;16;2019;201904;Abr-19;Abril 2019;16;Abr-18;jue;4;1Q;18;16;15-04 al 21-04;68;jue 18-04
19/04/2019;Abril;Abr;4;16;2019;201904;Abr-19;Abril 2019;16;Abr-19;vie;5;1Q;19;16;15-04 al 21-04;68;vie 19-04
20/04/2019;Abril;Abr;4;16;2019;201904;Abr-19;Abril 2019;16;Abr-20;sáb;6;1Q;20;16;15-04 al 21-04;68;sáb 20-04
21/04/2019;Abril;Abr;4;16;2019;201904;Abr-19;Abril 2019;16;Abr-21;dom;7;1Q;21;16;15-04 al 21-04;68;dom 21-04
22/04/2019;Abril;Abr;4;16;2019;201904;Abr-19;Abril 2019;16;Abr-22;lun;1;1Q;22;17;22-04 al 28-04;69;lun 22-04
23/04/2019;Abril;Abr;4;16;2019;201904;Abr-19;Abril 2019;16;Abr-23;mar;2;1Q;23;17;22-04 al 28-04;69;mar 23-04
24/04/2019;Abril;Abr;4;16;2019;201904;Abr-19;Abril 2019;16;Abr-24;mié;3;1Q;24;17;22-04 al 28-04;69;mié 24-04
25/04/2019;Abril;Abr;4;16;2019;201904;Abr-19;Abril 2019;16;Abr-25;jue;4;1Q;25;17;22-04 al 28-04;69;jue 25-04
26/04/2019;Abril;Abr;4;16;2019;201904;Abr-19;Abril 2019;16;Abr-26;vie;5;1Q;26;17;22-04 al 28-04;69;vie 26-04
27/04/2019;Abril;Abr;4;16;2019;201904;Abr-19;Abril 2019;16;Abr-27;sáb;6;1Q;27;17;22-04 al 28-04;69;sáb 27-04
28/04/2019;Abril;Abr;4;16;2019;201904;Abr-19;Abril 2019;16;Abr-28;dom;7;1Q;28;17;22-04 al 28-04;69;dom 28-04
29/04/2019;Abril;Abr;4;16;2019;201904;Abr-19;Abril 2019;16;Abr-29;lun;1;1Q;29;18;29-04 al 05-05;70;lun 29-04
30/04/2019;Abril;Abr;4;16;2019;201904;Abr-19;Abril 2019;16;Abr-30;mar;2;1Q;30;18;29-04 al 05-05;70;mar 30-04
01/05/2019;Mayo;May;5;17;2019;201905;May-19;Mayo 2019;17;May-01;mié;3;1Q;1;18;29-04 al 05-05;70;mié 01-05
02/05/2019;Mayo;May;5;17;2019;201905;May-19;Mayo 2019;17;May-02;jue;4;1Q;2;18;29-04 al 05-05;70;jue 02-05
03/05/2019;Mayo;May;5;17;2019;201905;May-19;Mayo 2019;17;May-03;vie;5;1Q;3;18;29-04 al 05-05;70;vie 03-05
04/05/2019;Mayo;May;5;17;2019;201905;May-19;Mayo 2019;17;May-04;sáb;6;1Q;4;18;29-04 al 05-05;70;sáb 04-05
05/05/2019;Mayo;May;5;17;2019;201905;May-19;Mayo 2019;17;May-05;dom;7;1Q;5;18;29-04 al 05-05;70;dom 05-05
06/05/2019;Mayo;May;5;17;2019;201905;May-19;Mayo 2019;17;May-06;lun;1;1Q;6;19;06-05 al 12-05;71;lun 06-05
07/05/2019;Mayo;May;5;17;2019;201905;May-19;Mayo 2019;17;May-07;mar;2;1Q;7;19;06-05 al 12-05;71;mar 07-05
08/05/2019;Mayo;May;5;17;2019;201905;May-19;Mayo 2019;17;May-08;mié;3;1Q;8;19;06-05 al 12-05;71;mié 08-05
09/05/2019;Mayo;May;5;17;2019;201905;May-19;Mayo 2019;17;May-09;jue;4;1Q;9;19;06-05 al 12-05;71;jue 09-05
10/05/2019;Mayo;May;5;17;2019;201905;May-19;Mayo 2019;17;May-10;vie;5;1Q;10;19;06-05 al 12-05;71;vie 10-05
11/05/2019;Mayo;May;5;17;2019;201905;May-19;Mayo 2019;17;May-11;sáb;6;1Q;11;19;06-05 al 12-05;71;sáb 11-05
12/05/2019;Mayo;May;5;17;2019;201905;May-19;Mayo 2019;17;May-12;dom;7;1Q;12;19;06-05 al 12-05;71;dom 12-05
13/05/2019;Mayo;May;5;17;2019;201905;May-19;Mayo 2019;17;May-13;lun;1;1Q;13;20;13-05 al 19-05;72;lun 13-05
14/05/2019;Mayo;May;5;17;2019;201905;May-19;Mayo 2019;17;May-14;mar;2;1Q;14;20;13-05 al 19-05;72;mar 14-05
15/05/2019;Mayo;May;5;17;2019;201905;May-19;Mayo 2019;17;May-15;mié;3;1Q;15;20;13-05 al 19-05;72;mié 15-05
16/05/2019;Mayo;May;5;17;2019;201905;May-19;Mayo 2019;17;May-16;jue;4;1Q;16;20;13-05 al 19-05;72;jue 16-05
17/05/2019;Mayo;May;5;17;2019;201905;May-19;Mayo 2019;17;May-17;vie;5;1Q;17;20;13-05 al 19-05;72;vie 17-05
18/05/2019;Mayo;May;5;17;2019;201905;May-19;Mayo 2019;17;May-18;sáb;6;1Q;18;20;13-05 al 19-05;72;sáb 18-05
19/05/2019;Mayo;May;5;17;2019;201905;May-19;Mayo 2019;17;May-19;dom;7;1Q;19;20;13-05 al 19-05;72;dom 19-05
20/05/2019;Mayo;May;5;17;2019;201905;May-19;Mayo 2019;17;May-20;lun;1;1Q;20;21;20-05 al 26-05;73;lun 20-05
21/05/2019;Mayo;May;5;17;2019;201905;May-19;Mayo 2019;17;May-21;mar;2;1Q;21;21;20-05 al 26-05;73;mar 21-05
22/05/2019;Mayo;May;5;17;2019;201905;May-19;Mayo 2019;17;May-22;mié;3;1Q;22;21;20-05 al 26-05;73;mié 22-05
23/05/2019;Mayo;May;5;17;2019;201905;May-19;Mayo 2019;17;May-23;jue;4;1Q;23;21;20-05 al 26-05;73;jue 23-05
24/05/2019;Mayo;May;5;17;2019;201905;May-19;Mayo 2019;17;May-24;vie;5;1Q;24;21;20-05 al 26-05;73;vie 24-05
25/05/2019;Mayo;May;5;17;2019;201905;May-19;Mayo 2019;17;May-25;sáb;6;1Q;25;21;20-05 al 26-05;73;sáb 25-05
26/05/2019;Mayo;May;5;17;2019;201905;May-19;Mayo 2019;17;May-26;dom;7;1Q;26;21;20-05 al 26-05;73;dom 26-05
27/05/2019;Mayo;May;5;17;2019;201905;May-19;Mayo 2019;17;May-27;lun;1;1Q;27;22;27-05 al 02-06;74;lun 27-05
28/05/2019;Mayo;May;5;17;2019;201905;May-19;Mayo 2019;17;May-28;mar;2;1Q;28;22;27-05 al 02-06;74;mar 28-05
29/05/2019;Mayo;May;5;17;2019;201905;May-19;Mayo 2019;17;May-29;mié;3;1Q;29;22;27-05 al 02-06;74;mié 29-05
30/05/2019;Mayo;May;5;17;2019;201905;May-19;Mayo 2019;17;May-30;jue;4;1Q;30;22;27-05 al 02-06;74;jue 30-05
31/05/2019;Mayo;May;5;17;2019;201905;May-19;Mayo 2019;17;May-31;vie;5;1Q;31;22;27-05 al 02-06;74;vie 31-05
01/06/2019;Junio;Jun;6;18;2019;201906;Jun-19;Junio 2019;18;Jun-01;sáb;6;1Q;1;22;27-05 al 02-06;74;sáb 01-06
02/06/2019;Junio;Jun;6;18;2019;201906;Jun-19;Junio 2019;18;Jun-02;dom;7;1Q;2;22;27-05 al 02-06;74;dom 02-06
03/06/2019;Junio;Jun;6;18;2019;201906;Jun-19;Junio 2019;18;Jun-03;lun;1;1Q;3;23;03-06 al 09-06;75;lun 03-06
04/06/2019;Junio;Jun;6;18;2019;201906;Jun-19;Junio 2019;18;Jun-04;mar;2;1Q;4;23;03-06 al 09-06;75;mar 04-06
05/06/2019;Junio;Jun;6;18;2019;201906;Jun-19;Junio 2019;18;Jun-05;mié;3;1Q;5;23;03-06 al 09-06;75;mié 05-06
06/06/2019;Junio;Jun;6;18;2019;201906;Jun-19;Junio 2019;18;Jun-06;jue;4;1Q;6;23;03-06 al 09-06;75;jue 06-06
07/06/2019;Junio;Jun;6;18;2019;201906;Jun-19;Junio 2019;18;Jun-07;vie;5;1Q;7;23;03-06 al 09-06;75;vie 07-06
08/06/2019;Junio;Jun;6;18;2019;201906;Jun-19;Junio 2019;18;Jun-08;sáb;6;1Q;8;23;03-06 al 09-06;75;sáb 08-06
09/06/2019;Junio;Jun;6;18;2019;201906;Jun-19;Junio 2019;18;Jun-09;dom;7;1Q;9;23;03-06 al 09-06;75;dom 09-06
10/06/2019;Junio;Jun;6;18;2019;201906;Jun-19;Junio 2019;18;Jun-10;lun;1;1Q;10;24;10-06 al 16-06;76;lun 10-06
11/06/2019;Junio;Jun;6;18;2019;201906;Jun-19;Junio 2019;18;Jun-11;mar;2;1Q;11;24;10-06 al 16-06;76;mar 11-06
12/06/2019;Junio;Jun;6;18;2019;201906;Jun-19;Junio 2019;18;Jun-12;mié;3;1Q;12;24;10-06 al 16-06;76;mié 12-06
13/06/2019;Junio;Jun;6;18;2019;201906;Jun-19;Junio 2019;18;Jun-13;jue;4;1Q;13;24;10-06 al 16-06;76;jue 13-06
14/06/2019;Junio;Jun;6;18;2019;201906;Jun-19;Junio 2019;18;Jun-14;vie;5;1Q;14;24;10-06 al 16-06;76;vie 14-06
15/06/2019;Junio;Jun;6;18;2019;201906;Jun-19;Junio 2019;18;Jun-15;sáb;6;1Q;15;24;10-06 al 16-06;76;sáb 15-06
16/06/2019;Junio;Jun;6;18;2019;201906;Jun-19;Junio 2019;18;Jun-16;dom;7;1Q;16;24;10-06 al 16-06;76;dom 16-06
17/06/2019;Junio;Jun;6;18;2019;201906;Jun-19;Junio 2019;18;Jun-17;lun;1;1Q;17;25;17-06 al 23-06;77;lun 17-06
18/06/2019;Junio;Jun;6;18;2019;201906;Jun-19;Junio 2019;18;Jun-18;mar;2;1Q;18;25;17-06 al 23-06;77;mar 18-06
19/06/2019;Junio;Jun;6;18;2019;201906;Jun-19;Junio 2019;18;Jun-19;mié;3;1Q;19;25;17-06 al 23-06;77;mié 19-06
20/06/2019;Junio;Jun;6;18;2019;201906;Jun-19;Junio 2019;18;Jun-20;jue;4;1Q;20;25;17-06 al 23-06;77;jue 20-06
21/06/2019;Junio;Jun;6;18;2019;201906;Jun-19;Junio 2019;18;Jun-21;vie;5;1Q;21;25;17-06 al 23-06;77;vie 21-06
22/06/2019;Junio;Jun;6;18;2019;201906;Jun-19;Junio 2019;18;Jun-22;sáb;6;1Q;22;25;17-06 al 23-06;77;sáb 22-06
23/06/2019;Junio;Jun;6;18;2019;201906;Jun-19;Junio 2019;18;Jun-23;dom;7;1Q;23;25;17-06 al 23-06;77;dom 23-06
24/06/2019;Junio;Jun;6;18;2019;201906;Jun-19;Junio 2019;18;Jun-24;lun;1;1Q;24;26;24-06 al 30-06;78;lun 24-06
25/06/2019;Junio;Jun;6;18;2019;201906;Jun-19;Junio 2019;18;Jun-25;mar;2;1Q;25;26;24-06 al 30-06;78;mar 25-06
26/06/2019;Junio;Jun;6;18;2019;201906;Jun-19;Junio 2019;18;Jun-26;mié;3;1Q;26;26;24-06 al 30-06;78;mié 26-06
27/06/2019;Junio;Jun;6;18;2019;201906;Jun-19;Junio 2019;18;Jun-27;jue;4;1Q;27;26;24-06 al 30-06;78;jue 27-06
28/06/2019;Junio;Jun;6;18;2019;201906;Jun-19;Junio 2019;18;Jun-28;vie;5;1Q;28;26;24-06 al 30-06;78;vie 28-06
29/06/2019;Junio;Jun;6;18;2019;201906;Jun-19;Junio 2019;18;Jun-29;sáb;6;1Q;29;26;24-06 al 30-06;78;sáb 29-06
30/06/2019;Junio;Jun;6;18;2019;201906;Jun-19;Junio 2019;18;Jun-30;dom;7;1Q;30;26;24-06 al 30-06;78;dom 30-06
01/07/2019;Julio;Jul;7;19;2019;201907;Jul-19;Julio 2019;19;Jul-01;lun;1;1Q;1;27;01-07 al 07-07;79;lun 01-07
02/07/2019;Julio;Jul;7;19;2019;201907;Jul-19;Julio 2019;19;Jul-02;mar;2;1Q;2;27;01-07 al 07-07;79;mar 02-07
03/07/2019;Julio;Jul;7;19;2019;201907;Jul-19;Julio 2019;19;Jul-03;mié;3;1Q;3;27;01-07 al 07-07;79;mié 03-07
04/07/2019;Julio;Jul;7;19;2019;201907;Jul-19;Julio 2019;19;Jul-04;jue;4;1Q;4;27;01-07 al 07-07;79;jue 04-07
05/07/2019;Julio;Jul;7;19;2019;201907;Jul-19;Julio 2019;19;Jul-05;vie;5;1Q;5;27;01-07 al 07-07;79;vie 05-07
06/07/2019;Julio;Jul;7;19;2019;201907;Jul-19;Julio 2019;19;Jul-06;sáb;6;1Q;6;27;01-07 al 07-07;79;sáb 06-07
07/07/2019;Julio;Jul;7;19;2019;201907;Jul-19;Julio 2019;19;Jul-07;dom;7;1Q;7;27;01-07 al 07-07;79;dom 07-07
08/07/2019;Julio;Jul;7;19;2019;201907;Jul-19;Julio 2019;19;Jul-08;lun;1;1Q;8;28;08-07 al 14-07;80;lun 08-07
09/07/2019;Julio;Jul;7;19;2019;201907;Jul-19;Julio 2019;19;Jul-09;mar;2;1Q;9;28;08-07 al 14-07;80;mar 09-07
10/07/2019;Julio;Jul;7;19;2019;201907;Jul-19;Julio 2019;19;Jul-10;mié;3;1Q;10;28;08-07 al 14-07;80;mié 10-07
11/07/2019;Julio;Jul;7;19;2019;201907;Jul-19;Julio 2019;19;Jul-11;jue;4;1Q;11;28;08-07 al 14-07;80;jue 11-07
12/07/2019;Julio;Jul;7;19;2019;201907;Jul-19;Julio 2019;19;Jul-12;vie;5;1Q;12;28;08-07 al 14-07;80;vie 12-07
13/07/2019;Julio;Jul;7;19;2019;201907;Jul-19;Julio 2019;19;Jul-13;sáb;6;1Q;13;28;08-07 al 14-07;80;sáb 13-07
14/07/2019;Julio;Jul;7;19;2019;201907;Jul-19;Julio 2019;19;Jul-14;dom;7;1Q;14;28;08-07 al 14-07;80;dom 14-07
15/07/2019;Julio;Jul;7;19;2019;201907;Jul-19;Julio 2019;19;Jul-15;lun;1;1Q;15;29;15-07 al 21-07;81;lun 15-07
16/07/2019;Julio;Jul;7;19;2019;201907;Jul-19;Julio 2019;19;Jul-16;mar;2;1Q;16;29;15-07 al 21-07;81;mar 16-07
17/07/2019;Julio;Jul;7;19;2019;201907;Jul-19;Julio 2019;19;Jul-17;mié;3;1Q;17;29;15-07 al 21-07;81;mié 17-07
18/07/2019;Julio;Jul;7;19;2019;201907;Jul-19;Julio 2019;19;Jul-18;jue;4;1Q;18;29;15-07 al 21-07;81;jue 18-07
19/07/2019;Julio;Jul;7;19;2019;201907;Jul-19;Julio 2019;19;Jul-19;vie;5;1Q;19;29;15-07 al 21-07;81;vie 19-07
20/07/2019;Julio;Jul;7;19;2019;201907;Jul-19;Julio 2019;19;Jul-20;sáb;6;1Q;20;29;15-07 al 21-07;81;sáb 20-07
21/07/2019;Julio;Jul;7;19;2019;201907;Jul-19;Julio 2019;19;Jul-21;dom;7;1Q;21;29;15-07 al 21-07;81;dom 21-07
22/07/2019;Julio;Jul;7;19;2019;201907;Jul-19;Julio 2019;19;Jul-22;lun;1;1Q;22;30;22-07 al 28-07;82;lun 22-07
23/07/2019;Julio;Jul;7;19;2019;201907;Jul-19;Julio 2019;19;Jul-23;mar;2;1Q;23;30;22-07 al 28-07;82;mar 23-07
24/07/2019;Julio;Jul;7;19;2019;201907;Jul-19;Julio 2019;19;Jul-24;mié;3;1Q;24;30;22-07 al 28-07;82;mié 24-07
25/07/2019;Julio;Jul;7;19;2019;201907;Jul-19;Julio 2019;19;Jul-25;jue;4;1Q;25;30;22-07 al 28-07;82;jue 25-07
26/07/2019;Julio;Jul;7;19;2019;201907;Jul-19;Julio 2019;19;Jul-26;vie;5;1Q;26;30;22-07 al 28-07;82;vie 26-07
27/07/2019;Julio;Jul;7;19;2019;201907;Jul-19;Julio 2019;19;Jul-27;sáb;6;1Q;27;30;22-07 al 28-07;82;sáb 27-07
28/07/2019;Julio;Jul;7;19;2019;201907;Jul-19;Julio 2019;19;Jul-28;dom;7;1Q;28;30;22-07 al 28-07;82;dom 28-07
29/07/2019;Julio;Jul;7;19;2019;201907;Jul-19;Julio 2019;19;Jul-29;lun;1;1Q;29;31;29-07 al 04-08;83;lun 29-07
30/07/2019;Julio;Jul;7;19;2019;201907;Jul-19;Julio 2019;19;Jul-30;mar;2;1Q;30;31;29-07 al 04-08;83;mar 30-07
31/07/2019;Julio;Jul;7;19;2019;201907;Jul-19;Julio 2019;19;Jul-31;mié;3;1Q;31;31;29-07 al 04-08;83;mié 31-07
01/08/2019;Agosto;Ago;8;20;2019;201908;Ago-19;Agosto 2019;20;Ago-01;jue;4;1Q;1;31;29-07 al 04-08;83;jue 01-08
02/08/2019;Agosto;Ago;8;20;2019;201908;Ago-19;Agosto 2019;20;Ago-02;vie;5;1Q;2;31;29-07 al 04-08;83;vie 02-08
03/08/2019;Agosto;Ago;8;20;2019;201908;Ago-19;Agosto 2019;20;Ago-03;sáb;6;1Q;3;31;29-07 al 04-08;83;sáb 03-08
04/08/2019;Agosto;Ago;8;20;2019;201908;Ago-19;Agosto 2019;20;Ago-04;dom;7;1Q;4;31;29-07 al 04-08;83;dom 04-08
05/08/2019;Agosto;Ago;8;20;2019;201908;Ago-19;Agosto 2019;20;Ago-05;lun;1;1Q;5;32;05-08 al 11-08;84;lun 05-08
06/08/2019;Agosto;Ago;8;20;2019;201908;Ago-19;Agosto 2019;20;Ago-06;mar;2;1Q;6;32;05-08 al 11-08;84;mar 06-08
07/08/2019;Agosto;Ago;8;20;2019;201908;Ago-19;Agosto 2019;20;Ago-07;mié;3;1Q;7;32;05-08 al 11-08;84;mié 07-08
08/08/2019;Agosto;Ago;8;20;2019;201908;Ago-19;Agosto 2019;20;Ago-08;jue;4;1Q;8;32;05-08 al 11-08;84;jue 08-08
09/08/2019;Agosto;Ago;8;20;2019;201908;Ago-19;Agosto 2019;20;Ago-09;vie;5;1Q;9;32;05-08 al 11-08;84;vie 09-08
10/08/2019;Agosto;Ago;8;20;2019;201908;Ago-19;Agosto 2019;20;Ago-10;sáb;6;1Q;10;32;05-08 al 11-08;84;sáb 10-08
11/08/2019;Agosto;Ago;8;20;2019;201908;Ago-19;Agosto 2019;20;Ago-11;dom;7;1Q;11;32;05-08 al 11-08;84;dom 11-08
12/08/2019;Agosto;Ago;8;20;2019;201908;Ago-19;Agosto 2019;20;Ago-12;lun;1;1Q;12;33;12-08 al 18-08;85;lun 12-08
13/08/2019;Agosto;Ago;8;20;2019;201908;Ago-19;Agosto 2019;20;Ago-13;mar;2;1Q;13;33;12-08 al 18-08;85;mar 13-08
14/08/2019;Agosto;Ago;8;20;2019;201908;Ago-19;Agosto 2019;20;Ago-14;mié;3;1Q;14;33;12-08 al 18-08;85;mié 14-08
15/08/2019;Agosto;Ago;8;20;2019;201908;Ago-19;Agosto 2019;20;Ago-15;jue;4;1Q;15;33;12-08 al 18-08;85;jue 15-08
16/08/2019;Agosto;Ago;8;20;2019;201908;Ago-19;Agosto 2019;20;Ago-16;vie;5;1Q;16;33;12-08 al 18-08;85;vie 16-08
17/08/2019;Agosto;Ago;8;20;2019;201908;Ago-19;Agosto 2019;20;Ago-17;sáb;6;1Q;17;33;12-08 al 18-08;85;sáb 17-08
18/08/2019;Agosto;Ago;8;20;2019;201908;Ago-19;Agosto 2019;20;Ago-18;dom;7;1Q;18;33;12-08 al 18-08;85;dom 18-08
19/08/2019;Agosto;Ago;8;20;2019;201908;Ago-19;Agosto 2019;20;Ago-19;lun;1;1Q;19;34;19-08 al 25-08;86;lun 19-08
20/08/2019;Agosto;Ago;8;20;2019;201908;Ago-19;Agosto 2019;20;Ago-20;mar;2;1Q;20;34;19-08 al 25-08;86;mar 20-08
21/08/2019;Agosto;Ago;8;20;2019;201908;Ago-19;Agosto 2019;20;Ago-21;mié;3;1Q;21;34;19-08 al 25-08;86;mié 21-08
22/08/2019;Agosto;Ago;8;20;2019;201908;Ago-19;Agosto 2019;20;Ago-22;jue;4;1Q;22;34;19-08 al 25-08;86;jue 22-08
23/08/2019;Agosto;Ago;8;20;2019;201908;Ago-19;Agosto 2019;20;Ago-23;vie;5;1Q;23;34;19-08 al 25-08;86;vie 23-08
24/08/2019;Agosto;Ago;8;20;2019;201908;Ago-19;Agosto 2019;20;Ago-24;sáb;6;1Q;24;34;19-08 al 25-08;86;sáb 24-08
25/08/2019;Agosto;Ago;8;20;2019;201908;Ago-19;Agosto 2019;20;Ago-25;dom;7;1Q;25;34;19-08 al 25-08;86;dom 25-08
26/08/2019;Agosto;Ago;8;20;2019;201908;Ago-19;Agosto 2019;20;Ago-26;lun;1;1Q;26;35;26-08 al 01-09;87;lun 26-08
27/08/2019;Agosto;Ago;8;20;2019;201908;Ago-19;Agosto 2019;20;Ago-27;mar;2;1Q;27;35;26-08 al 01-09;87;mar 27-08
28/08/2019;Agosto;Ago;8;20;2019;201908;Ago-19;Agosto 2019;20;Ago-28;mié;3;1Q;28;35;26-08 al 01-09;87;mié 28-08
29/08/2019;Agosto;Ago;8;20;2019;201908;Ago-19;Agosto 2019;20;Ago-29;jue;4;1Q;29;35;26-08 al 01-09;87;jue 29-08
30/08/2019;Agosto;Ago;8;20;2019;201908;Ago-19;Agosto 2019;20;Ago-30;vie;5;1Q;30;35;26-08 al 01-09;87;vie 30-08
31/08/2019;Agosto;Ago;8;20;2019;201908;Ago-19;Agosto 2019;20;Ago-31;sáb;6;1Q;31;35;26-08 al 01-09;87;sáb 31-08
01/09/2019;Setiembre;Set;9;21;2019;201909;Set-19;Setiembre 2019;21;Set-01;dom;7;1Q;1;35;26-08 al 01-09;87;dom 01-09
02/09/2019;Setiembre;Set;9;21;2019;201909;Set-19;Setiembre 2019;21;Set-02;lun;1;1Q;2;36;02-09 al 08-09;88;lun 02-09
03/09/2019;Setiembre;Set;9;21;2019;201909;Set-19;Setiembre 2019;21;Set-03;mar;2;1Q;3;36;02-09 al 08-09;88;mar 03-09
04/09/2019;Setiembre;Set;9;21;2019;201909;Set-19;Setiembre 2019;21;Set-04;mié;3;1Q;4;36;02-09 al 08-09;88;mié 04-09
05/09/2019;Setiembre;Set;9;21;2019;201909;Set-19;Setiembre 2019;21;Set-05;jue;4;1Q;5;36;02-09 al 08-09;88;jue 05-09
06/09/2019;Setiembre;Set;9;21;2019;201909;Set-19;Setiembre 2019;21;Set-06;vie;5;1Q;6;36;02-09 al 08-09;88;vie 06-09
07/09/2019;Setiembre;Set;9;21;2019;201909;Set-19;Setiembre 2019;21;Set-07;sáb;6;1Q;7;36;02-09 al 08-09;88;sáb 07-09
08/09/2019;Setiembre;Set;9;21;2019;201909;Set-19;Setiembre 2019;21;Set-08;dom;7;1Q;8;36;02-09 al 08-09;88;dom 08-09
09/09/2019;Setiembre;Set;9;21;2019;201909;Set-19;Setiembre 2019;21;Set-09;lun;1;1Q;9;37;09-09 al 15-09;89;lun 09-09
10/09/2019;Setiembre;Set;9;21;2019;201909;Set-19;Setiembre 2019;21;Set-10;mar;2;1Q;10;37;09-09 al 15-09;89;mar 10-09
11/09/2019;Setiembre;Set;9;21;2019;201909;Set-19;Setiembre 2019;21;Set-11;mié;3;1Q;11;37;09-09 al 15-09;89;mié 11-09
12/09/2019;Setiembre;Set;9;21;2019;201909;Set-19;Setiembre 2019;21;Set-12;jue;4;1Q;12;37;09-09 al 15-09;89;jue 12-09
13/09/2019;Setiembre;Set;9;21;2019;201909;Set-19;Setiembre 2019;21;Set-13;vie;5;1Q;13;37;09-09 al 15-09;89;vie 13-09
14/09/2019;Setiembre;Set;9;21;2019;201909;Set-19;Setiembre 2019;21;Set-14;sáb;6;1Q;14;37;09-09 al 15-09;89;sáb 14-09
15/09/2019;Setiembre;Set;9;21;2019;201909;Set-19;Setiembre 2019;21;Set-15;dom;7;1Q;15;37;09-09 al 15-09;89;dom 15-09
16/09/2019;Setiembre;Set;9;21;2019;201909;Set-19;Setiembre 2019;21;Set-16;lun;1;1Q;16;38;16-09 al 22-09;90;lun 16-09
17/09/2019;Setiembre;Set;9;21;2019;201909;Set-19;Setiembre 2019;21;Set-17;mar;2;1Q;17;38;16-09 al 22-09;90;mar 17-09
18/09/2019;Setiembre;Set;9;21;2019;201909;Set-19;Setiembre 2019;21;Set-18;mié;3;1Q;18;38;16-09 al 22-09;90;mié 18-09
19/09/2019;Setiembre;Set;9;21;2019;201909;Set-19;Setiembre 2019;21;Set-19;jue;4;1Q;19;38;16-09 al 22-09;90;jue 19-09
20/09/2019;Setiembre;Set;9;21;2019;201909;Set-19;Setiembre 2019;21;Set-20;vie;5;1Q;20;38;16-09 al 22-09;90;vie 20-09
21/09/2019;Setiembre;Set;9;21;2019;201909;Set-19;Setiembre 2019;21;Set-21;sáb;6;1Q;21;38;16-09 al 22-09;90;sáb 21-09
22/09/2019;Setiembre;Set;9;21;2019;201909;Set-19;Setiembre 2019;21;Set-22;dom;7;1Q;22;38;16-09 al 22-09;90;dom 22-09
23/09/2019;Setiembre;Set;9;21;2019;201909;Set-19;Setiembre 2019;21;Set-23;lun;1;1Q;23;39;23-09 al 29-09;91;lun 23-09
24/09/2019;Setiembre;Set;9;21;2019;201909;Set-19;Setiembre 2019;21;Set-24;mar;2;1Q;24;39;23-09 al 29-09;91;mar 24-09
25/09/2019;Setiembre;Set;9;21;2019;201909;Set-19;Setiembre 2019;21;Set-25;mié;3;1Q;25;39;23-09 al 29-09;91;mié 25-09
26/09/2019;Setiembre;Set;9;21;2019;201909;Set-19;Setiembre 2019;21;Set-26;jue;4;1Q;26;39;23-09 al 29-09;91;jue 26-09
27/09/2019;Setiembre;Set;9;21;2019;201909;Set-19;Setiembre 2019;21;Set-27;vie;5;1Q;27;39;23-09 al 29-09;91;vie 27-09
28/09/2019;Setiembre;Set;9;21;2019;201909;Set-19;Setiembre 2019;21;Set-28;sáb;6;1Q;28;39;23-09 al 29-09;91;sáb 28-09
29/09/2019;Setiembre;Set;9;21;2019;201909;Set-19;Setiembre 2019;21;Set-29;dom;7;1Q;29;39;23-09 al 29-09;91;dom 29-09
30/09/2019;Setiembre;Set;9;21;2019;201909;Set-19;Setiembre 2019;21;Set-30;lun;1;1Q;30;40;30-09 al 06-10;92;lun 30-09
01/10/2019;Octubre;Oct;10;22;2019;201910;Oct-19;Octubre 2019;22;Oct-01;mar;2;1Q;1;40;30-09 al 06-10;92;mar 01-10
02/10/2019;Octubre;Oct;10;22;2019;201910;Oct-19;Octubre 2019;22;Oct-02;mié;3;1Q;2;40;30-09 al 06-10;92;mié 02-10
03/10/2019;Octubre;Oct;10;22;2019;201910;Oct-19;Octubre 2019;22;Oct-03;jue;4;1Q;3;40;30-09 al 06-10;92;jue 03-10
04/10/2019;Octubre;Oct;10;22;2019;201910;Oct-19;Octubre 2019;22;Oct-04;vie;5;1Q;4;40;30-09 al 06-10;92;vie 04-10
05/10/2019;Octubre;Oct;10;22;2019;201910;Oct-19;Octubre 2019;22;Oct-05;sáb;6;1Q;5;40;30-09 al 06-10;92;sáb 05-10
06/10/2019;Octubre;Oct;10;22;2019;201910;Oct-19;Octubre 2019;22;Oct-06;dom;7;1Q;6;40;30-09 al 06-10;92;dom 06-10
07/10/2019;Octubre;Oct;10;22;2019;201910;Oct-19;Octubre 2019;22;Oct-07;lun;1;1Q;7;41;07-10 al 13-10;93;lun 07-10
08/10/2019;Octubre;Oct;10;22;2019;201910;Oct-19;Octubre 2019;22;Oct-08;mar;2;1Q;8;41;07-10 al 13-10;93;mar 08-10
09/10/2019;Octubre;Oct;10;22;2019;201910;Oct-19;Octubre 2019;22;Oct-09;mié;3;1Q;9;41;07-10 al 13-10;93;mié 09-10
10/10/2019;Octubre;Oct;10;22;2019;201910;Oct-19;Octubre 2019;22;Oct-10;jue;4;1Q;10;41;07-10 al 13-10;93;jue 10-10
11/10/2019;Octubre;Oct;10;22;2019;201910;Oct-19;Octubre 2019;22;Oct-11;vie;5;1Q;11;41;07-10 al 13-10;93;vie 11-10
12/10/2019;Octubre;Oct;10;22;2019;201910;Oct-19;Octubre 2019;22;Oct-12;sáb;6;1Q;12;41;07-10 al 13-10;93;sáb 12-10
13/10/2019;Octubre;Oct;10;22;2019;201910;Oct-19;Octubre 2019;22;Oct-13;dom;7;1Q;13;41;07-10 al 13-10;93;dom 13-10
14/10/2019;Octubre;Oct;10;22;2019;201910;Oct-19;Octubre 2019;22;Oct-14;lun;1;1Q;14;42;14-10 al 20-10;94;lun 14-10
15/10/2019;Octubre;Oct;10;22;2019;201910;Oct-19;Octubre 2019;22;Oct-15;mar;2;1Q;15;42;14-10 al 20-10;94;mar 15-10
16/10/2019;Octubre;Oct;10;22;2019;201910;Oct-19;Octubre 2019;22;Oct-16;mié;3;1Q;16;42;14-10 al 20-10;94;mié 16-10
17/10/2019;Octubre;Oct;10;22;2019;201910;Oct-19;Octubre 2019;22;Oct-17;jue;4;1Q;17;42;14-10 al 20-10;94;jue 17-10
18/10/2019;Octubre;Oct;10;22;2019;201910;Oct-19;Octubre 2019;22;Oct-18;vie;5;1Q;18;42;14-10 al 20-10;94;vie 18-10
19/10/2019;Octubre;Oct;10;22;2019;201910;Oct-19;Octubre 2019;22;Oct-19;sáb;6;1Q;19;42;14-10 al 20-10;94;sáb 19-10
20/10/2019;Octubre;Oct;10;22;2019;201910;Oct-19;Octubre 2019;22;Oct-20;dom;7;1Q;20;42;14-10 al 20-10;94;dom 20-10
21/10/2019;Octubre;Oct;10;22;2019;201910;Oct-19;Octubre 2019;22;Oct-21;lun;1;1Q;21;43;21-10 al 27-10;95;lun 21-10
22/10/2019;Octubre;Oct;10;22;2019;201910;Oct-19;Octubre 2019;22;Oct-22;mar;2;1Q;22;43;21-10 al 27-10;95;mar 22-10
23/10/2019;Octubre;Oct;10;22;2019;201910;Oct-19;Octubre 2019;22;Oct-23;mié;3;1Q;23;43;21-10 al 27-10;95;mié 23-10
24/10/2019;Octubre;Oct;10;22;2019;201910;Oct-19;Octubre 2019;22;Oct-24;jue;4;1Q;24;43;21-10 al 27-10;95;jue 24-10
25/10/2019;Octubre;Oct;10;22;2019;201910;Oct-19;Octubre 2019;22;Oct-25;vie;5;1Q;25;43;21-10 al 27-10;95;vie 25-10
26/10/2019;Octubre;Oct;10;22;2019;201910;Oct-19;Octubre 2019;22;Oct-26;sáb;6;1Q;26;43;21-10 al 27-10;95;sáb 26-10
27/10/2019;Octubre;Oct;10;22;2019;201910;Oct-19;Octubre 2019;22;Oct-27;dom;7;1Q;27;43;21-10 al 27-10;95;dom 27-10
28/10/2019;Octubre;Oct;10;22;2019;201910;Oct-19;Octubre 2019;22;Oct-28;lun;1;1Q;28;44;28-10 al 03-11;96;lun 28-10
29/10/2019;Octubre;Oct;10;22;2019;201910;Oct-19;Octubre 2019;22;Oct-29;mar;2;1Q;29;44;28-10 al 03-11;96;mar 29-10
30/10/2019;Octubre;Oct;10;22;2019;201910;Oct-19;Octubre 2019;22;Oct-30;mié;3;1Q;30;44;28-10 al 03-11;96;mié 30-10
31/10/2019;Octubre;Oct;10;22;2019;201910;Oct-19;Octubre 2019;22;Oct-31;jue;4;1Q;31;44;28-10 al 03-11;96;jue 31-10
01/11/2019;Noviembre;Nov;11;23;2019;201911;Nov-19;Noviembre 2019;23;Nov-01;vie;5;1Q;1;44;28-10 al 03-11;96;vie 01-11
02/11/2019;Noviembre;Nov;11;23;2019;201911;Nov-19;Noviembre 2019;23;Nov-02;sáb;6;1Q;2;44;28-10 al 03-11;96;sáb 02-11
03/11/2019;Noviembre;Nov;11;23;2019;201911;Nov-19;Noviembre 2019;23;Nov-03;dom;7;1Q;3;44;28-10 al 03-11;96;dom 03-11
04/11/2019;Noviembre;Nov;11;23;2019;201911;Nov-19;Noviembre 2019;23;Nov-04;lun;1;1Q;4;45;04-11 al 10-11;97;lun 04-11
05/11/2019;Noviembre;Nov;11;23;2019;201911;Nov-19;Noviembre 2019;23;Nov-05;mar;2;1Q;5;45;04-11 al 10-11;97;mar 05-11
06/11/2019;Noviembre;Nov;11;23;2019;201911;Nov-19;Noviembre 2019;23;Nov-06;mié;3;1Q;6;45;04-11 al 10-11;97;mié 06-11
07/11/2019;Noviembre;Nov;11;23;2019;201911;Nov-19;Noviembre 2019;23;Nov-07;jue;4;1Q;7;45;04-11 al 10-11;97;jue 07-11
08/11/2019;Noviembre;Nov;11;23;2019;201911;Nov-19;Noviembre 2019;23;Nov-08;vie;5;1Q;8;45;04-11 al 10-11;97;vie 08-11
09/11/2019;Noviembre;Nov;11;23;2019;201911;Nov-19;Noviembre 2019;23;Nov-09;sáb;6;1Q;9;45;04-11 al 10-11;97;sáb 09-11
10/11/2019;Noviembre;Nov;11;23;2019;201911;Nov-19;Noviembre 2019;23;Nov-10;dom;7;1Q;10;45;04-11 al 10-11;97;dom 10-11
11/11/2019;Noviembre;Nov;11;23;2019;201911;Nov-19;Noviembre 2019;23;Nov-11;lun;1;1Q;11;46;11-11 al 17-11;98;lun 11-11
12/11/2019;Noviembre;Nov;11;23;2019;201911;Nov-19;Noviembre 2019;23;Nov-12;mar;2;1Q;12;46;11-11 al 17-11;98;mar 12-11
13/11/2019;Noviembre;Nov;11;23;2019;201911;Nov-19;Noviembre 2019;23;Nov-13;mié;3;1Q;13;46;11-11 al 17-11;98;mié 13-11
14/11/2019;Noviembre;Nov;11;23;2019;201911;Nov-19;Noviembre 2019;23;Nov-14;jue;4;1Q;14;46;11-11 al 17-11;98;jue 14-11
15/11/2019;Noviembre;Nov;11;23;2019;201911;Nov-19;Noviembre 2019;23;Nov-15;vie;5;1Q;15;46;11-11 al 17-11;98;vie 15-11
16/11/2019;Noviembre;Nov;11;23;2019;201911;Nov-19;Noviembre 2019;23;Nov-16;sáb;6;1Q;16;46;11-11 al 17-11;98;sáb 16-11
17/11/2019;Noviembre;Nov;11;23;2019;201911;Nov-19;Noviembre 2019;23;Nov-17;dom;7;1Q;17;46;11-11 al 17-11;98;dom 17-11
18/11/2019;Noviembre;Nov;11;23;2019;201911;Nov-19;Noviembre 2019;23;Nov-18;lun;1;1Q;18;47;18-11 al 24-11;99;lun 18-11
19/11/2019;Noviembre;Nov;11;23;2019;201911;Nov-19;Noviembre 2019;23;Nov-19;mar;2;1Q;19;47;18-11 al 24-11;99;mar 19-11
20/11/2019;Noviembre;Nov;11;23;2019;201911;Nov-19;Noviembre 2019;23;Nov-20;mié;3;1Q;20;47;18-11 al 24-11;99;mié 20-11
21/11/2019;Noviembre;Nov;11;23;2019;201911;Nov-19;Noviembre 2019;23;Nov-21;jue;4;1Q;21;47;18-11 al 24-11;99;jue 21-11
22/11/2019;Noviembre;Nov;11;23;2019;201911;Nov-19;Noviembre 2019;23;Nov-22;vie;5;1Q;22;47;18-11 al 24-11;99;vie 22-11
23/11/2019;Noviembre;Nov;11;23;2019;201911;Nov-19;Noviembre 2019;23;Nov-23;sáb;6;1Q;23;47;18-11 al 24-11;99;sáb 23-11
24/11/2019;Noviembre;Nov;11;23;2019;201911;Nov-19;Noviembre 2019;23;Nov-24;dom;7;1Q;24;47;18-11 al 24-11;99;dom 24-11
25/11/2019;Noviembre;Nov;11;23;2019;201911;Nov-19;Noviembre 2019;23;Nov-25;lun;1;1Q;25;48;25-11 al 01-12;100;lun 25-11
26/11/2019;Noviembre;Nov;11;23;2019;201911;Nov-19;Noviembre 2019;23;Nov-26;mar;2;1Q;26;48;25-11 al 01-12;100;mar 26-11
27/11/2019;Noviembre;Nov;11;23;2019;201911;Nov-19;Noviembre 2019;23;Nov-27;mié;3;1Q;27;48;25-11 al 01-12;100;mié 27-11
28/11/2019;Noviembre;Nov;11;23;2019;201911;Nov-19;Noviembre 2019;23;Nov-28;jue;4;1Q;28;48;25-11 al 01-12;100;jue 28-11
29/11/2019;Noviembre;Nov;11;23;2019;201911;Nov-19;Noviembre 2019;23;Nov-29;vie;5;1Q;29;48;25-11 al 01-12;100;vie 29-11
30/11/2019;Noviembre;Nov;11;23;2019;201911;Nov-19;Noviembre 2019;23;Nov-30;sáb;6;1Q;30;48;25-11 al 01-12;100;sáb 30-11
01/12/2019;Diciembre;Dic;12;24;2019;201912;Dic-19;Diciembre 2019;24;Dic-01;dom;7;1Q;1;48;25-11 al 01-12;100;dom 01-12
02/12/2019;Diciembre;Dic;12;24;2019;201912;Dic-19;Diciembre 2019;24;Dic-02;lun;1;1Q;2;49;02-12 al 08-12;101;lun 02-12
03/12/2019;Diciembre;Dic;12;24;2019;201912;Dic-19;Diciembre 2019;24;Dic-03;mar;2;1Q;3;49;02-12 al 08-12;101;mar 03-12
04/12/2019;Diciembre;Dic;12;24;2019;201912;Dic-19;Diciembre 2019;24;Dic-04;mié;3;1Q;4;49;02-12 al 08-12;101;mié 04-12
05/12/2019;Diciembre;Dic;12;24;2019;201912;Dic-19;Diciembre 2019;24;Dic-05;jue;4;1Q;5;49;02-12 al 08-12;101;jue 05-12
06/12/2019;Diciembre;Dic;12;24;2019;201912;Dic-19;Diciembre 2019;24;Dic-06;vie;5;1Q;6;49;02-12 al 08-12;101;vie 06-12
07/12/2019;Diciembre;Dic;12;24;2019;201912;Dic-19;Diciembre 2019;24;Dic-07;sáb;6;1Q;7;49;02-12 al 08-12;101;sáb 07-12
08/12/2019;Diciembre;Dic;12;24;2019;201912;Dic-19;Diciembre 2019;24;Dic-08;dom;7;1Q;8;49;02-12 al 08-12;101;dom 08-12
09/12/2019;Diciembre;Dic;12;24;2019;201912;Dic-19;Diciembre 2019;24;Dic-09;lun;1;1Q;9;50;09-12 al 15-12;102;lun 09-12
10/12/2019;Diciembre;Dic;12;24;2019;201912;Dic-19;Diciembre 2019;24;Dic-10;mar;2;1Q;10;50;09-12 al 15-12;102;mar 10-12
11/12/2019;Diciembre;Dic;12;24;2019;201912;Dic-19;Diciembre 2019;24;Dic-11;mié;3;1Q;11;50;09-12 al 15-12;102;mié 11-12
12/12/2019;Diciembre;Dic;12;24;2019;201912;Dic-19;Diciembre 2019;24;Dic-12;jue;4;1Q;12;50;09-12 al 15-12;102;jue 12-12
13/12/2019;Diciembre;Dic;12;24;2019;201912;Dic-19;Diciembre 2019;24;Dic-13;vie;5;1Q;13;50;09-12 al 15-12;102;vie 13-12
14/12/2019;Diciembre;Dic;12;24;2019;201912;Dic-19;Diciembre 2019;24;Dic-14;sáb;6;1Q;14;50;09-12 al 15-12;102;sáb 14-12
15/12/2019;Diciembre;Dic;12;24;2019;201912;Dic-19;Diciembre 2019;24;Dic-15;dom;7;1Q;15;50;09-12 al 15-12;102;dom 15-12
16/12/2019;Diciembre;Dic;12;24;2019;201912;Dic-19;Diciembre 2019;24;Dic-16;lun;1;1Q;16;51;16-12 al 22-12;103;lun 16-12
17/12/2019;Diciembre;Dic;12;24;2019;201912;Dic-19;Diciembre 2019;24;Dic-17;mar;2;1Q;17;51;16-12 al 22-12;103;mar 17-12
18/12/2019;Diciembre;Dic;12;24;2019;201912;Dic-19;Diciembre 2019;24;Dic-18;mié;3;1Q;18;51;16-12 al 22-12;103;mié 18-12
19/12/2019;Diciembre;Dic;12;24;2019;201912;Dic-19;Diciembre 2019;24;Dic-19;jue;4;1Q;19;51;16-12 al 22-12;103;jue 19-12
20/12/2019;Diciembre;Dic;12;24;2019;201912;Dic-19;Diciembre 2019;24;Dic-20;vie;5;1Q;20;51;16-12 al 22-12;103;vie 20-12
21/12/2019;Diciembre;Dic;12;24;2019;201912;Dic-19;Diciembre 2019;24;Dic-21;sáb;6;1Q;21;51;16-12 al 22-12;103;sáb 21-12
22/12/2019;Diciembre;Dic;12;24;2019;201912;Dic-19;Diciembre 2019;24;Dic-22;dom;7;1Q;22;51;16-12 al 22-12;103;dom 22-12
23/12/2019;Diciembre;Dic;12;24;2019;201912;Dic-19;Diciembre 2019;24;Dic-23;lun;1;1Q;23;52;23-12 al 29-12;104;lun 23-12
24/12/2019;Diciembre;Dic;12;24;2019;201912;Dic-19;Diciembre 2019;24;Dic-24;mar;2;1Q;24;52;23-12 al 29-12;104;mar 24-12
25/12/2019;Diciembre;Dic;12;24;2019;201912;Dic-19;Diciembre 2019;24;Dic-25;mié;3;1Q;25;52;23-12 al 29-12;104;mié 25-12
26/12/2019;Diciembre;Dic;12;24;2019;201912;Dic-19;Diciembre 2019;24;Dic-26;jue;4;1Q;26;52;23-12 al 29-12;104;jue 26-12
27/12/2019;Diciembre;Dic;12;24;2019;201912;Dic-19;Diciembre 2019;24;Dic-27;vie;5;1Q;27;52;23-12 al 29-12;104;vie 27-12
28/12/2019;Diciembre;Dic;12;24;2019;201912;Dic-19;Diciembre 2019;24;Dic-28;sáb;6;1Q;28;52;23-12 al 29-12;104;sáb 28-12
29/12/2019;Diciembre;Dic;12;24;2019;201912;Dic-19;Diciembre 2019;24;Dic-29;dom;7;1Q;29;52;23-12 al 29-12;104;dom 29-12
30/12/2019;Diciembre;Dic;12;24;2019;201912;Dic-19;Diciembre 2019;24;Dic-30;lun;1;1Q;30;53;30-12 al 05-01;105;lun 30-12
31/12/2019;Diciembre;Dic;12;24;2019;201912;Dic-19;Diciembre 2019;24;Dic-31;mar;2;1Q;31;53;30-12 al 05-01;105;mar 31-12
